userId,roleDescription,bio,location,experience,gender,age,dateOfBirth,height,bodyType,eyeColor,hairColor,skills,featuredSkills,avatarUrl,avatarSource,bannerUrl,bannerSource,contentBackground,videoUrls,portfolioImages,socialMedia,ethnicity,ethnicityOther,genderOther,disabilities,disabilityOther,profileComplete,categoryId,subcategoryId,viewCount,likeCount,createdAt,updatedAt
"TN5696","Dubbing / ADR","Liam Walker is a Intermediate (3-5 years) Voice Over & Dubbing professional based in Sydney, Australia. Available for bookings. ","Sydney, Australia","Intermediate (3-5 years)","FEMALE","28","""1998-05-15T23:00:00.000Z""","170","MUSCULAR","Brown","Blonde","[""Modeling"",""Audio Engineering"",""Presentation"",""Fitness Coaching"",""Choreography"",""Stunts""]","[]","/uploads/avatars/TN5696.jpg","upload","/uploads/banners/TN5696.jpg","upload","#71812b","[""https://www.youtube.com/watch?v=V-_O7nl0Ii0""]","[]","[{""url"":""https://instagram.com/tn5696"",""platform"":""Instagram""}]","WHITE_CAUCASIAN",,,"[]",,"true","cmlsmumkc0000vvss6oz86hbr","cmlsop36g001xvvtsp3fqgt8r","0","0","""2026-02-19T01:45:32.591Z""","""2026-02-19T03:22:21.955Z"""
"TN4946","Dubbing / ADR","Sophia Smith is a Beginner (0-2 years) Voice Over & Dubbing professional based in Manchester, UK. Available for bookings. ","Manchester, UK","Beginner (0-2 years)","MALE","50","""1976-06-06T23:00:00.000Z""","178","MUSCULAR","Brown","Bald","[""Modeling"",""Stunts"",""Cinematography"",""Acting""]","[]","/uploads/avatars/TN4946.jpg","upload","/uploads/banners/TN4946.jpg","upload","#aa5ac5","[""https://www.youtube.com/watch?v=kXYiU_JCYtU""]","[]","[{""url"":""https://instagram.com/tn4946"",""platform"":""Instagram""}]","PREFER_NOT_TO_SAY",,,"[]",,"true","cmlsmumkc0000vvss6oz86hbr","cmlsop36g001xvvtsp3fqgt8r","0","0","""2026-02-19T01:45:32.788Z""","""2026-02-19T03:22:22.090Z"""
"TN1396","Voice Over & Dubbing - General","James Robinson is a Advanced (6-10 years) Voice Over & Dubbing professional based in New York, USA. Available for bookings. ","New York, USA","Advanced (6-10 years)","PREFER_NOT_TO_SAY","19","""2007-06-21T23:00:00.000Z""","193","PREFER_NOT_TO_SAY","Grey","Bald","[""Drums"",""Presentation"",""Comedy"",""Audio Engineering""]","[]","/uploads/avatars/TN1396.jpg","upload","/uploads/banners/TN1396.jpg","upload","#66ae71","[""https://www.youtube.com/watch?v=V-_O7nl0Ii0""]","[]","[{""url"":""https://instagram.com/tn1396"",""platform"":""Instagram""}]","MIXED_MULTIRACIAL",,,"[]",,"true","cmlsmumkc0000vvss6oz86hbr","cmlsmumm60002vvssky7ff7s4","0","0","""2026-02-19T01:45:32.984Z""","""2026-02-19T03:22:22.239Z"""
"TN2710","Narration / Audiobooks","Hugo Taylor is a Expert (10+ years) Voice Over & Dubbing professional based in London, UK. Available for bookings. ","London, UK","Expert (10+ years)","PREFER_NOT_TO_SAY","52","""1974-07-05T23:00:00.000Z""","170","PREFER_NOT_TO_SAY","Blue","Red","[""Voice Over"",""Fitness Coaching"",""Piano""]","[]","/uploads/avatars/TN2710.jpg","upload","/uploads/banners/TN2710.jpg","upload","#7b35ea","[""https://www.youtube.com/watch?v=kXYiU_JCYtU""]","[]","[{""url"":""https://instagram.com/tn2710"",""platform"":""Instagram""}]","PREFER_NOT_TO_SAY",,,"[]",,"true","cmlsmumkc0000vvss6oz86hbr","cmlsop365001tvvtsijw6bfb3","0","0","""2026-02-19T01:45:33.080Z""","""2026-02-19T03:22:22.382Z"""
"TN5025","Character Voices (animation/games)","Mia Robinson is a Beginner (0-2 years) Voice Over & Dubbing professional based in Sydney, Australia. Available for bookings. ","Sydney, Australia","Beginner (0-2 years)","FEMALE","50","""1976-03-17T00:00:00.000Z""","165","PREFER_NOT_TO_SAY","Grey","Blonde","[""Voice Over"",""Fitness Coaching"",""Stunts""]","[]","/uploads/avatars/TN5025.jpg","upload","/uploads/banners/TN5025.jpg","upload","#ca0165","[""https://www.youtube.com/watch?v=kXYiU_JCYtU""]","[]","[{""url"":""https://instagram.com/tn5025"",""platform"":""Instagram""}]","ASIAN",,,"[]",,"true","cmlsmumkc0000vvss6oz86hbr","cmlsop36a001vvvts7x474b6s","0","0","""2026-02-19T01:45:33.257Z""","""2026-02-19T03:22:22.551Z"""
"TN3850","Character Voices (animation/games)","Ella Lee is a Advanced (6-10 years) Voice Over & Dubbing professional based in Los Angeles, USA. Available for bookings. ","Los Angeles, USA","Advanced (6-10 years)","MALE","36","""1990-04-04T23:00:00.000Z""","178","MUSCULAR","Green","Black","[""Modeling"",""Piano"",""Dancing"",""Guitar"",""Voice Over"",""Acting""]","[]","/uploads/avatars/TN3850.jpg","upload","/uploads/banners/TN3850.jpg","upload","#46b33e","[""https://www.youtube.com/watch?v=V-_O7nl0Ii0""]","[]","[{""url"":""https://instagram.com/tn3850"",""platform"":""Instagram""}]","ASIAN",,,"[]",,"true","cmlsmumkc0000vvss6oz86hbr","cmlsop36a001vvvts7x474b6s","0","0","""2026-02-19T01:45:33.439Z""","""2026-02-19T03:22:22.717Z"""
"TN2483","Commercial VO","Mason Martin is a Beginner (0-2 years) Voice Over & Dubbing professional based in Manchester, UK. Available for bookings. ","Manchester, UK","Beginner (0-2 years)","MALE","39","""1987-11-21T00:00:00.000Z""","164","CURVY","Grey","Brown","[""Audio Engineering"",""Dancing"",""Piano"",""Acting"",""Drums""]","[]","/uploads/avatars/TN2483.jpg","upload","/uploads/banners/TN2483.jpg","upload","#ba05ac","[""https://www.youtube.com/watch?v=dQw4w9WgXcQ""]","[]","[{""url"":""https://instagram.com/tn2483"",""platform"":""Instagram""}]","NATIVE_AMERICAN",,,"[]",,"true","cmlsmumkc0000vvss6oz86hbr","cmlsop360001rvvtsn5u55344","0","0","""2026-02-19T01:45:33.642Z""","""2026-02-19T03:22:22.872Z"""
"TN1827","DJs","Olivia Wilson is a Intermediate (3-5 years) Music & Audio professional based in New York, USA. Available for bookings. ","New York, USA","Intermediate (3-5 years)","FEMALE","30","""1996-12-24T00:00:00.000Z""","189","AVERAGE","Blue","Brown","[""Comedy"",""Cinematography"",""Modeling"",""Acting"",""Piano""]","[]","/uploads/avatars/TN1827.jpg","upload","/uploads/banners/TN1827.jpg","upload","#c8b971","[""https://www.youtube.com/watch?v=dQw4w9WgXcQ""]","[]","[{""url"":""https://instagram.com/tn1827"",""platform"":""Instagram""}]","MIDDLE_EASTERN",,,"[]",,"true","cmlsmumnc0009vvssleo3ucjr","cmlsp0o2a0001vv60e6ntwam9","0","0","""2026-02-19T01:45:33.896Z""","""2026-02-19T03:22:23.026Z"""
"TN7202","Composers / Arrangers","Amelia Wilson is a Advanced (6-10 years) Music & Audio professional based in Manchester, UK. Available for bookings. ","Manchester, UK","Advanced (6-10 years)","NON_BINARY","38","""1988-10-02T23:00:00.000Z""","175","PLUS_SIZE","Hazel","Brown","[""Dancing"",""Comedy"",""Piano"",""Choreography"",""Cinematography"",""Acting""]","[]","/uploads/avatars/TN7202.jpg","upload","/uploads/banners/TN7202.jpg","upload","#7eda48","[""https://www.youtube.com/watch?v=kXYiU_JCYtU""]","[]","[{""url"":""https://instagram.com/tn7202"",""platform"":""Instagram""}]","PREFER_NOT_TO_SAY",,,"[]",,"true","cmlsmumnc0009vvssleo3ucjr","cmlsop34u001bvvts7umvrfn9","0","0","""2026-02-19T01:45:34.280Z""","""2026-02-19T03:22:23.558Z"""
"TN5831","Music Production","Isla Clark is a Expert (10+ years) Music & Audio professional based in Manchester, UK. Available for bookings. ","Manchester, UK","Expert (10+ years)","PREFER_NOT_TO_SAY","41","""1985-10-26T23:00:00.000Z""","162","AVERAGE","Blue","Red","[""Stunts"",""Comedy"",""Cinematography"",""Dancing""]","[]","/uploads/avatars/TN5831.jpg","upload","/uploads/banners/TN5831.jpg","upload","#490e84","[""https://www.youtube.com/watch?v=V-_O7nl0Ii0""]","[]","[{""url"":""https://instagram.com/tn5831"",""platform"":""Instagram""}]","NATIVE_AMERICAN",,,"[]",,"true","cmlsmumnc0009vvssleo3ucjr","cmlsop34j0017vvtsqlzcorf6","0","0","""2026-02-19T01:45:34.746Z""","""2026-02-19T03:22:23.852Z"""
"TN9251","Music & Audio - General","Mason Brown is a Expert (10+ years) Music & Audio professional based in Paris, France. Available for bookings. ","Paris, France","Expert (10+ years)","PREFER_NOT_TO_SAY","37","""1989-10-21T23:00:00.000Z""","179","PLUS_SIZE","Hazel","Brown","[""Dancing"",""Editing"",""Audio Engineering"",""Cinematography""]","[]","/uploads/avatars/TN9251.jpg","upload","/uploads/banners/TN9251.jpg","upload","#5e60cc","[""https://www.youtube.com/watch?v=V-_O7nl0Ii0""]","[]","[{""url"":""https://instagram.com/tn9251"",""platform"":""Instagram""}]","PREFER_NOT_TO_SAY",,,"[]",,"true","cmlsmumnc0009vvssleo3ucjr","cmlsmumni000bvvss1ybhokqo","0","0","""2026-02-19T01:45:34.928Z""","""2026-02-19T03:22:24.327Z"""
"TN5269","Composers / Arrangers","Chloe Lee is a Intermediate (3-5 years) Music & Audio professional based in Paris, France. Available for bookings. ","Paris, France","Intermediate (3-5 years)","PREFER_NOT_TO_SAY","44","""1982-08-13T23:00:00.000Z""","173","SLIM","Hazel","Brown","[""Drums"",""Editing"",""Audio Engineering"",""Choreography"",""Dancing"",""Cinematography""]","[]","/uploads/avatars/TN5269.jpg","upload","/uploads/banners/TN5269.jpg","upload","#9f57a4","[""https://www.youtube.com/watch?v=3JZ_D3ELwOQ""]","[]","[{""url"":""https://instagram.com/tn5269"",""platform"":""Instagram""}]","NATIVE_AMERICAN",,,"[]",,"true","cmlsmumnc0009vvssleo3ucjr","cmlsop34u001bvvts7umvrfn9","0","0","""2026-02-19T01:45:35.130Z""","""2026-02-19T03:22:24.467Z"""
"TN4420","Vocalists / Singers","Sophia Walker is a Intermediate (3-5 years) Music & Audio professional based in Toronto, Canada. Available for bookings. ","Toronto, Canada","Intermediate (3-5 years)","NON_BINARY","49","""1977-08-10T23:00:00.000Z""","172","AVERAGE","Green","Dyed","[""Drums"",""Modeling"",""Choreography"",""Stunts"",""Guitar""]","[]","/uploads/avatars/TN4420.jpg","upload","/uploads/banners/TN4420.jpg","upload","#52738e","[""https://www.youtube.com/watch?v=kXYiU_JCYtU""]","[]","[{""url"":""https://instagram.com/tn4420"",""platform"":""Instagram""}]","WHITE_CAUCASIAN",,,"[]",,"true","cmlsmumnc0009vvssleo3ucjr","cmlsop34c0015vvts7dfwk3dh","0","0","""2026-02-19T01:45:35.307Z""","""2026-02-19T03:22:24.617Z"""
"TN4772","Session Musicians","Logan Martin is a Beginner (0-2 years) Music & Audio professional based in Los Angeles, USA. Available for bookings. ","Los Angeles, USA","Beginner (0-2 years)","NON_BINARY","54","""1972-12-11T00:00:00.000Z""","174","SLIM","Brown","Blonde","[""Voice Over"",""Presentation"",""Drums""]","[]","/uploads/avatars/TN4772.jpg","upload","/uploads/banners/TN4772.jpg","upload","#71f4dd","[""https://www.youtube.com/watch?v=dQw4w9WgXcQ""]","[]","[{""url"":""https://instagram.com/tn4772"",""platform"":""Instagram""}]","PREFER_NOT_TO_SAY",,,"[]",,"true","cmlsmumnc0009vvssleo3ucjr","cmlsop34q0019vvtsq7gcgu6d","0","0","""2026-02-19T01:45:35.490Z""","""2026-02-19T03:22:24.772Z"""
"TN9024","Music & Audio - General","Logan Johnson is a Expert (10+ years) Music & Audio professional based in New York, USA. Available for bookings. ","New York, USA","Expert (10+ years)","MALE","21","""2005-04-16T23:00:00.000Z""","194","SLIM","Amber","Black","[""Audio Engineering"",""Editing"",""Modeling"",""Singing"",""Drums""]","[]","/uploads/avatars/TN9024.jpg","upload","/uploads/banners/TN9024.jpg","upload","#53e84e","[""https://www.youtube.com/watch?v=3JZ_D3ELwOQ""]","[]","[{""url"":""https://instagram.com/tn9024"",""platform"":""Instagram""}]","NATIVE_AMERICAN",,,"[]",,"true","cmlsmumnc0009vvssleo3ucjr","cmlsmumni000bvvss1ybhokqo","0","0","""2026-02-19T01:45:35.702Z""","""2026-02-19T03:22:24.928Z"""
"TN979","Music & Audio - General","Grace Martin is a Advanced (6-10 years) Music & Audio professional based in Manchester, UK. Available for bookings. ","Manchester, UK","Advanced (6-10 years)","PREFER_NOT_TO_SAY","48","""1978-06-27T23:00:00.000Z""","167","MUSCULAR","Amber","Bald","[""Comedy"",""Choreography"",""Dancing"",""Acting""]","[]","/uploads/avatars/TN979.jpg","upload","/uploads/banners/TN979.jpg","upload","#c22e3b","[""https://www.youtube.com/watch?v=kXYiU_JCYtU""]","[]","[{""url"":""https://instagram.com/tn979"",""platform"":""Instagram""}]","PACIFIC_ISLANDER",,,"[]",,"true","cmlsmumnc0009vvssleo3ucjr","cmlsmumni000bvvss1ybhokqo","0","0","""2026-02-19T01:45:35.901Z""","""2026-02-19T03:22:25.102Z"""
"TN3634","Composers / Arrangers","Mason Brown is a Expert (10+ years) Music & Audio professional based in London, UK. Available for bookings. ","London, UK","Expert (10+ years)","FEMALE","44","""1982-04-19T23:00:00.000Z""","177","PREFER_NOT_TO_SAY","Grey","Black","[""Presentation"",""Modeling"",""Comedy"",""Stunts""]","[]","/uploads/avatars/TN3634.jpg","upload","/uploads/banners/TN3634.jpg","upload","#891982","[""https://www.youtube.com/watch?v=V-_O7nl0Ii0""]","[]","[{""url"":""https://instagram.com/tn3634"",""platform"":""Instagram""}]","BLACK_AFRICAN",,,"[]",,"true","cmlsmumnc0009vvssleo3ucjr","cmlsop34u001bvvts7umvrfn9","0","0","""2026-02-19T01:45:36.096Z""","""2026-02-19T03:22:25.244Z"""
"TN9239","Musicians (Instrumental)","Liam Wilson is a Expert (10+ years) Music & Audio professional based in Manchester, UK. Available for bookings. ","Manchester, UK","Expert (10+ years)","MALE","21","""2005-08-13T23:00:00.000Z""","186","ATHLETIC","Amber","Blonde","[""Dancing"",""Guitar"",""Piano"",""Cinematography""]","[]","/uploads/avatars/TN9239.jpg","upload","/uploads/banners/TN9239.jpg","upload","#767074","[""https://www.youtube.com/watch?v=V-_O7nl0Ii0""]","[]","[{""url"":""https://instagram.com/tn9239"",""platform"":""Instagram""}]","NATIVE_AMERICAN",,,"[]",,"true","cmlsmumnc0009vvssleo3ucjr","cmlsop3470013vvtsafcl2g69","0","0","""2026-02-19T01:45:36.271Z""","""2026-02-19T03:22:25.400Z"""
"TN2822","DJs","Hugo Lee is a Beginner (0-2 years) Music & Audio professional based in Toronto, Canada. Available for bookings. ","Toronto, Canada","Beginner (0-2 years)","PREFER_NOT_TO_SAY","27","""1999-03-06T00:00:00.000Z""","188","CURVY","Green","Black","[""Piano"",""Modeling"",""Audio Engineering"",""Acting"",""Voice Over""]","[]","/uploads/avatars/TN2822.jpg","upload","/uploads/banners/TN2822.jpg","upload","#62df25","[""https://www.youtube.com/watch?v=3JZ_D3ELwOQ""]","[]","[{""url"":""https://instagram.com/tn2822"",""platform"":""Instagram""}]","NATIVE_AMERICAN",,,"[]",,"true","cmlsmumnc0009vvssleo3ucjr","cmlsp0o2a0001vv60e6ntwam9","0","0","""2026-02-19T01:45:36.360Z""","""2026-02-19T03:22:25.548Z"""
"TN9103","Session Musicians","Isla Clark is a Beginner (0-2 years) Music & Audio professional based in Los Angeles, USA. Available for bookings. ","Los Angeles, USA","Beginner (0-2 years)","MALE","30","""1996-04-15T23:00:00.000Z""","194","MUSCULAR","Hazel","Dyed","[""Stunts"",""Audio Engineering"",""Comedy"",""Modeling"",""Piano"",""Fitness Coaching""]","[]","/uploads/avatars/TN9103.jpg","upload","/uploads/banners/TN9103.jpg","upload","#a14f64","[""https://www.youtube.com/watch?v=3JZ_D3ELwOQ""]","[]","[{""url"":""https://instagram.com/tn9103"",""platform"":""Instagram""}]","MIDDLE_EASTERN",,,"[]",,"true","cmlsmumnc0009vvssleo3ucjr","cmlsop34q0019vvtsq7gcgu6d","0","0","""2026-02-19T01:45:36.921Z""","""2026-02-19T03:22:26.165Z"""
"TN836","Session Musicians","Logan Wilson is a Beginner (0-2 years) Music & Audio professional based in Manchester, UK. Available for bookings. ","Manchester, UK","Beginner (0-2 years)","PREFER_NOT_TO_SAY","38","""1988-05-01T23:00:00.000Z""","162","ATHLETIC","Grey","Red","[""Presentation"",""Audio Engineering"",""Voice Over"",""Comedy"",""Fitness Coaching""]","[]","/uploads/avatars/TN836.jpg","upload","/uploads/banners/TN836.jpg","upload","#c24acb","[""https://www.youtube.com/watch?v=dQw4w9WgXcQ""]","[]","[{""url"":""https://instagram.com/tn836"",""platform"":""Instagram""}]","NATIVE_AMERICAN",,,"[]",,"true","cmlsmumnc0009vvssleo3ucjr","cmlsop34q0019vvtsq7gcgu6d","0","0","""2026-02-19T01:45:37.130Z""","""2026-02-19T03:22:26.302Z"""
"TN4696","Session Musicians","James Robinson is a Intermediate (3-5 years) Music & Audio professional based in Toronto, Canada. Available for bookings. ","Toronto, Canada","Intermediate (3-5 years)","PREFER_NOT_TO_SAY","30","""1996-09-05T23:00:00.000Z""","184","CURVY","Hazel","Brown","[""Fitness Coaching"",""Piano"",""Editing""]","[]","/uploads/avatars/TN4696.jpg","upload","/uploads/banners/TN4696.jpg","upload","#4be061","[""https://www.youtube.com/watch?v=V-_O7nl0Ii0""]","[]","[{""url"":""https://instagram.com/tn4696"",""platform"":""Instagram""}]","BLACK_AFRICAN",,,"[]",,"true","cmlsmumnc0009vvssleo3ucjr","cmlsop34q0019vvtsq7gcgu6d","0","0","""2026-02-19T01:45:37.323Z""","""2026-02-19T03:22:26.444Z"""
"TN1449","Musicians (Instrumental)","Amelia Brown is a Expert (10+ years) Music & Audio professional based in Toronto, Canada. Available for bookings. ","Toronto, Canada","Expert (10+ years)","PREFER_NOT_TO_SAY","50","""1976-09-12T23:00:00.000Z""","190","AVERAGE","Amber","Red","[""Piano"",""Comedy"",""Dancing"",""Stunts""]","[]","/uploads/avatars/TN1449.jpg","upload","/uploads/banners/TN1449.jpg","upload","#965ba0","[""https://www.youtube.com/watch?v=kXYiU_JCYtU""]","[]","[{""url"":""https://instagram.com/tn1449"",""platform"":""Instagram""}]","NATIVE_AMERICAN",,,"[]",,"true","cmlsmumnc0009vvssleo3ucjr","cmlsop3470013vvtsafcl2g69","0","0","""2026-02-19T01:45:37.495Z""","""2026-02-19T03:22:26.587Z"""
"TN7882","Session Musicians","Mason Clark is a Beginner (0-2 years) Music & Audio professional based in New York, USA. Available for bookings. ","New York, USA","Beginner (0-2 years)","FEMALE","28","""1998-11-28T00:00:00.000Z""","173","PLUS_SIZE","Blue","Black","[""Drums"",""Editing"",""Comedy"",""Stunts"",""Guitar"",""Audio Engineering""]","[]","/uploads/avatars/TN7882.jpg","upload","/uploads/banners/TN7882.jpg","upload","#864d13","[""https://www.youtube.com/watch?v=kXYiU_JCYtU""]","[]","[{""url"":""https://instagram.com/tn7882"",""platform"":""Instagram""}]","NATIVE_AMERICAN",,,"[]",,"true","cmlsmumnc0009vvssleo3ucjr","cmlsop34q0019vvtsq7gcgu6d","0","0","""2026-02-19T01:45:37.678Z""","""2026-02-19T03:22:26.756Z"""
"TN9369","Vocalists / Singers","Sophia Smith is a Expert (10+ years) Music & Audio professional based in Sydney, Australia. Available for bookings. ","Sydney, Australia","Expert (10+ years)","PREFER_NOT_TO_SAY","50","""1976-09-19T23:00:00.000Z""","184","PLUS_SIZE","Amber","Grey","[""Choreography"",""Stunts"",""Comedy"",""Modeling"",""Piano""]","[]","/uploads/avatars/TN9369.jpg","upload","/uploads/banners/TN9369.jpg","upload","#84c023","[""https://www.youtube.com/watch?v=dQw4w9WgXcQ""]","[]","[{""url"":""https://instagram.com/tn9369"",""platform"":""Instagram""}]","NATIVE_AMERICAN",,,"[]",,"true","cmlsmumnc0009vvssleo3ucjr","cmlsop34c0015vvts7dfwk3dh","0","0","""2026-02-19T01:45:37.856Z""","""2026-02-19T03:22:26.897Z"""
"TN7819","DJs","Mia Clark is a Beginner (0-2 years) Music & Audio professional based in Paris, France. Available for bookings. ","Paris, France","Beginner (0-2 years)","MALE","25","""2001-11-06T00:00:00.000Z""","167","MUSCULAR","Blue","Black","[""Editing"",""Acting"",""Dancing""]","[]","/uploads/avatars/TN7819.jpg","upload","/uploads/banners/TN7819.jpg","upload","#8cdc41","[""https://www.youtube.com/watch?v=dQw4w9WgXcQ""]","[]","[{""url"":""https://instagram.com/tn7819"",""platform"":""Instagram""}]","PACIFIC_ISLANDER",,,"[]",,"true","cmlsmumnc0009vvssleo3ucjr","cmlsp0o2a0001vv60e6ntwam9","0","0","""2026-02-19T01:45:38.063Z""","""2026-02-19T03:22:27.280Z"""
"TN2845","Session Musicians","Olivia Lee is a Expert (10+ years) Music & Audio professional based in London, UK. Available for bookings. ","London, UK","Expert (10+ years)","NON_BINARY","22","""2004-08-11T23:00:00.000Z""","174","AVERAGE","Brown","Dyed","[""Acting"",""Stunts"",""Singing""]","[]","/uploads/avatars/TN2845.jpg","upload","/uploads/banners/TN2845.jpg","upload","#7f6036","[""https://www.youtube.com/watch?v=dQw4w9WgXcQ""]","[]","[{""url"":""https://instagram.com/tn2845"",""platform"":""Instagram""}]","PACIFIC_ISLANDER",,,"[]",,"true","cmlsmumnc0009vvssleo3ucjr","cmlsop34q0019vvtsq7gcgu6d","0","0","""2026-02-19T01:45:38.248Z""","""2026-02-19T03:22:27.421Z"""
"TN6536","Composers / Arrangers","Ava Walker is a Expert (10+ years) Music & Audio professional based in Manchester, UK. Available for bookings. ","Manchester, UK","Expert (10+ years)","NON_BINARY","39","""1987-10-17T23:00:00.000Z""","157","SLIM","Green","Grey","[""Stunts"",""Choreography"",""Dancing"",""Voice Over"",""Audio Engineering""]","[]","/uploads/avatars/TN6536.jpg","upload","/uploads/banners/TN6536.jpg","upload","#7d85e1","[""https://www.youtube.com/watch?v=3JZ_D3ELwOQ""]","[]","[{""url"":""https://instagram.com/tn6536"",""platform"":""Instagram""}]","PACIFIC_ISLANDER",,,"[]",,"true","cmlsmumnc0009vvssleo3ucjr","cmlsop34u001bvvts7umvrfn9","0","0","""2026-02-19T01:45:38.431Z""","""2026-02-19T03:22:27.568Z"""
"TN8885","DJs","Ethan Lee is a Beginner (0-2 years) Music & Audio professional based in Toronto, Canada. Available for bookings. ","Toronto, Canada","Beginner (0-2 years)","MALE","48","""1978-07-06T23:00:00.000Z""","164","MUSCULAR","Brown","Dyed","[""Choreography"",""Fitness Coaching"",""Modeling"",""Cinematography"",""Piano"",""Comedy""]","[]","/uploads/avatars/TN8885.jpg","upload","/uploads/banners/TN8885.jpg","upload","#aa675f","[""https://www.youtube.com/watch?v=kXYiU_JCYtU""]","[]","[{""url"":""https://instagram.com/tn8885"",""platform"":""Instagram""}]","PACIFIC_ISLANDER",,,"[]",,"true","cmlsmumnc0009vvssleo3ucjr","cmlsp0o2a0001vv60e6ntwam9","0","0","""2026-02-19T01:45:38.524Z""","""2026-02-19T03:22:27.742Z"""
"TN4331","Editors / Post-production","Noah Martin is a Intermediate (3-5 years) Video Production professional based in New York, USA. Available for bookings. ","New York, USA","Intermediate (3-5 years)","NON_BINARY","45","""1981-04-14T23:00:00.000Z""","156","ATHLETIC","Blue","Red","[""Modeling"",""Comedy"",""Singing""]","[]","/uploads/avatars/TN4331.jpg","upload","/uploads/banners/TN4331.jpg","upload","#75ec82","[""https://www.youtube.com/watch?v=V-_O7nl0Ii0""]","[]","[{""url"":""https://instagram.com/tn4331"",""platform"":""Instagram""}]","MIDDLE_EASTERN",,,"[]",,"true","cmlsmumnn000cvvssxpi4h706","cmlsop35q001nvvtsn6deq4cn","0","0","""2026-02-19T01:45:39.193Z""","""2026-02-19T03:22:28.158Z"""
"TN5068","Camera / Cinematography","Lucas Johnson is a Intermediate (3-5 years) Video Production professional based in Manchester, UK. Available for bookings. ","Manchester, UK","Intermediate (3-5 years)","NON_BINARY","33","""1993-01-24T00:00:00.000Z""","164","AVERAGE","Amber","Grey","[""Fitness Coaching"",""Piano"",""Presentation"",""Editing"",""Stunts"",""Acting""]","[]","/uploads/avatars/TN5068.jpg","upload","/uploads/banners/TN5068.jpg","upload","#6f0da9","[""https://www.youtube.com/watch?v=dQw4w9WgXcQ""]","[]","[{""url"":""https://instagram.com/tn5068"",""platform"":""Instagram""}]","WHITE_CAUCASIAN",,,"[]",,"true","cmlsmumnn000cvvssxpi4h706","cmlsop35m001lvvts7gngz8u5","0","0","""2026-02-19T01:45:39.370Z""","""2026-02-19T03:22:28.564Z"""
"TN8003","Editors / Post-production","Mia Brown is a Beginner (0-2 years) Video Production professional based in Sydney, Australia. Available for bookings. ","Sydney, Australia","Beginner (0-2 years)","MALE","42","""1984-01-25T00:00:00.000Z""","186","AVERAGE","Brown","Dyed","[""Presentation"",""Fitness Coaching"",""Acting"",""Guitar"",""Editing""]","[]","/uploads/avatars/TN8003.jpg","upload","/uploads/banners/TN8003.jpg","upload","#95d35f","[""https://www.youtube.com/watch?v=V-_O7nl0Ii0""]","[]","[{""url"":""https://instagram.com/tn8003"",""platform"":""Instagram""}]","PACIFIC_ISLANDER",,,"[]",,"true","cmlsmumnn000cvvssxpi4h706","cmlsop35q001nvvtsn6deq4cn","0","0","""2026-02-19T01:45:39.561Z""","""2026-02-19T03:22:28.837Z"""
"TN2532","Directors / Producers","Logan Lee is a Intermediate (3-5 years) Video Production professional based in Manchester, UK. Available for bookings. ","Manchester, UK","Intermediate (3-5 years)","MALE","55","""1971-03-02T23:00:00.000Z""","185","SLIM","Amber","Black","[""Acting"",""Modeling"",""Presentation"",""Guitar"",""Choreography"",""Singing""]","[]","/uploads/avatars/TN2532.jpg","upload","/uploads/banners/TN2532.jpg","upload","#817a6a","[""https://www.youtube.com/watch?v=3JZ_D3ELwOQ""]","[]","[{""url"":""https://instagram.com/tn2532"",""platform"":""Instagram""}]","NATIVE_AMERICAN",,,"[]",,"true","cmlsmumnn000cvvssxpi4h706","cmlsop35f001jvvts0vsdak9n","0","0","""2026-02-19T01:45:39.772Z""","""2026-02-19T03:22:28.989Z"""
"TN9657","Video Production - General","Ava Taylor is a Advanced (6-10 years) Video Production professional based in Manchester, UK. Available for bookings. ","Manchester, UK","Advanced (6-10 years)","NON_BINARY","54","""1972-10-22T23:00:00.000Z""","177","ATHLETIC","Hazel","Blonde","[""Acting"",""Stunts"",""Presentation""]","[]","/uploads/avatars/TN9657.jpg","upload","/uploads/banners/TN9657.jpg","upload","#84fa21","[""https://www.youtube.com/watch?v=dQw4w9WgXcQ""]","[]","[{""url"":""https://instagram.com/tn9657"",""platform"":""Instagram""}]","MIDDLE_EASTERN",,,"[]",,"true","cmlsmumnn000cvvssxpi4h706","cmlsmumnr000evvssisqanx34","0","0","""2026-02-19T01:45:39.861Z""","""2026-02-19T03:22:29.146Z"""
"TN6870","Editors / Post-production","James Smith is a Advanced (6-10 years) Video Production professional based in Sydney, Australia. Available for bookings. ","Sydney, Australia","Advanced (6-10 years)","FEMALE","54","""1972-11-06T00:00:00.000Z""","166","MUSCULAR","Brown","Brown","[""Presentation"",""Editing"",""Fitness Coaching""]","[]","/uploads/avatars/TN6870.jpg","upload","/uploads/banners/TN6870.jpg","upload","#4716a5","[""https://www.youtube.com/watch?v=kXYiU_JCYtU""]","[]","[{""url"":""https://instagram.com/tn6870"",""platform"":""Instagram""}]","NATIVE_AMERICAN",,,"[]",,"true","cmlsmumnn000cvvssxpi4h706","cmlsop35q001nvvtsn6deq4cn","0","0","""2026-02-19T01:45:40.101Z""","""2026-02-19T03:22:29.283Z"""
"TN9235","Motion Graphics / VFX","Lucas Johnson is a Intermediate (3-5 years) Video Production professional based in Berlin, Germany. Available for bookings. ","Berlin, Germany","Intermediate (3-5 years)","PREFER_NOT_TO_SAY","36","""1990-02-05T00:00:00.000Z""","193","ATHLETIC","Hazel","Blonde","[""Dancing"",""Drums"",""Fitness Coaching"",""Comedy"",""Piano""]","[]","/uploads/avatars/TN9235.jpg","upload","/uploads/banners/TN9235.jpg","upload","#9b1044","[""https://www.youtube.com/watch?v=3JZ_D3ELwOQ""]","[]","[{""url"":""https://instagram.com/tn9235"",""platform"":""Instagram""}]","WHITE_CAUCASIAN",,,"[]",,"true","cmlsmumnn000cvvssxpi4h706","cmlsop35u001pvvtsvtn6w563","0","0","""2026-02-19T01:45:40.311Z""","""2026-02-19T03:22:29.426Z"""
"TN4133","Directors / Producers","Hugo Lee is a Advanced (6-10 years) Video Production professional based in London, UK. Available for bookings. ","London, UK","Advanced (6-10 years)","MALE","38","""1988-01-05T00:00:00.000Z""","188","PLUS_SIZE","Amber","Dyed","[""Presentation"",""Modeling"",""Choreography"",""Stunts"",""Dancing"",""Fitness Coaching""]","[]","/uploads/avatars/TN4133.jpg","upload","/uploads/banners/TN4133.jpg","upload","#4f3be6","[""https://www.youtube.com/watch?v=dQw4w9WgXcQ""]","[]","[{""url"":""https://instagram.com/tn4133"",""platform"":""Instagram""}]","PACIFIC_ISLANDER",,,"[]",,"true","cmlsmumnn000cvvssxpi4h706","cmlsop35f001jvvts0vsdak9n","0","0","""2026-02-19T01:45:40.521Z""","""2026-02-19T03:22:29.566Z"""
"TN3734","Directors / Producers","Ethan Lee is a Advanced (6-10 years) Video Production professional based in Los Angeles, USA. Available for bookings. ","Los Angeles, USA","Advanced (6-10 years)","NON_BINARY","51","""1975-08-03T23:00:00.000Z""","158","PREFER_NOT_TO_SAY","Amber","Black","[""Guitar"",""Acting"",""Presentation""]","[]","/uploads/avatars/TN3734.jpg","upload","/uploads/banners/TN3734.jpg","upload","#583481","[""https://www.youtube.com/watch?v=dQw4w9WgXcQ""]","[]","[{""url"":""https://instagram.com/tn3734"",""platform"":""Instagram""}]","PREFER_NOT_TO_SAY",,,"[]",,"true","cmlsmumnn000cvvssxpi4h706","cmlsop35f001jvvts0vsdak9n","0","0","""2026-02-19T01:45:40.737Z""","""2026-02-19T03:22:29.746Z"""
"TN444","Motion Graphics / VFX","Mia Lee is a Expert (10+ years) Video Production professional based in Sydney, Australia. Available for bookings. ","Sydney, Australia","Expert (10+ years)","PREFER_NOT_TO_SAY","53","""1973-04-25T23:00:00.000Z""","163","PREFER_NOT_TO_SAY","Hazel","Red","[""Editing"",""Modeling"",""Acting"",""Dancing""]","[]","/uploads/avatars/TN444.jpg","upload","/uploads/banners/TN444.jpg","upload","#5e34a9","[""https://www.youtube.com/watch?v=V-_O7nl0Ii0""]","[]","[{""url"":""https://instagram.com/tn444"",""platform"":""Instagram""}]","WHITE_CAUCASIAN",,,"[]",,"true","cmlsmumnn000cvvssxpi4h706","cmlsop35u001pvvtsvtn6w563","0","0","""2026-02-19T01:45:41.459Z""","""2026-02-19T03:22:30.169Z"""
"TN1211","Directors / Producers","Chloe Smith is a Expert (10+ years) Video Production professional based in Manchester, UK. Available for bookings. ","Manchester, UK","Expert (10+ years)","NON_BINARY","44","""1982-09-19T23:00:00.000Z""","158","MUSCULAR","Hazel","Bald","[""Choreography"",""Voice Over"",""Presentation"",""Modeling""]","[]","/uploads/avatars/TN1211.jpg","upload","/uploads/banners/TN1211.jpg","upload","#bea937","[""https://www.youtube.com/watch?v=dQw4w9WgXcQ""]","[]","[{""url"":""https://instagram.com/tn1211"",""platform"":""Instagram""}]","NATIVE_AMERICAN",,,"[]",,"true","cmlsmumnn000cvvssxpi4h706","cmlsop35f001jvvts0vsdak9n","0","0","""2026-02-19T01:45:41.554Z""","""2026-02-19T03:22:30.319Z"""
"TN556","Extras / Background","Chloe Robinson is a Expert (10+ years) Acting & Performance professional based in Paris, France. Available for bookings. ","Paris, France","Expert (10+ years)","MALE","21","""2005-01-04T00:00:00.000Z""","176","CURVY","Blue","Brown","[""Fitness Coaching"",""Piano"",""Cinematography"",""Stunts"",""Presentation"",""Acting""]","[]","/uploads/avatars/TN556.jpg","upload","/uploads/banners/TN556.jpg","upload","#4f9842","[""https://www.youtube.com/watch?v=V-_O7nl0Ii0""]","[]","[{""url"":""https://instagram.com/tn556"",""platform"":""Instagram""}]","NATIVE_AMERICAN",,,"[]",,"true","cmlsmumny000fvvss9yhah8ix","cmlsop31p0007vvts8d5ry5g7","0","0","""2026-02-19T01:45:41.823Z""","""2026-02-19T03:22:30.470Z"""
"TN6613","Extras / Background","Hugo Clark is a Beginner (0-2 years) Acting & Performance professional based in New York, USA. Available for bookings. ","New York, USA","Beginner (0-2 years)","MALE","31","""1995-11-04T00:00:00.000Z""","182","MUSCULAR","Grey","Black","[""Modeling"",""Drums"",""Piano"",""Choreography""]","[]","/uploads/avatars/TN6613.jpg","upload","/uploads/banners/TN6613.jpg","upload","#a7a66a","[""https://www.youtube.com/watch?v=V-_O7nl0Ii0""]","[]","[{""url"":""https://instagram.com/tn6613"",""platform"":""Instagram""}]","MIDDLE_EASTERN",,,"[]",,"true","cmlsmumny000fvvss9yhah8ix","cmlsop31p0007vvts8d5ry5g7","0","0","""2026-02-19T01:45:42.036Z""","""2026-02-19T03:22:30.841Z"""
"TN5931","Film/TV Acting","Noah Smith is a Advanced (6-10 years) Acting & Performance professional based in Los Angeles, USA. Available for bookings. ","Los Angeles, USA","Advanced (6-10 years)","MALE","42","""1984-08-24T23:00:00.000Z""","192","PLUS_SIZE","Green","Grey","[""Acting"",""Dancing"",""Cinematography"",""Drums"",""Stunts""]","[]","/uploads/avatars/TN5931.jpg","upload","/uploads/banners/TN5931.jpg","upload","#971b60","[""https://www.youtube.com/watch?v=dQw4w9WgXcQ""]","[]","[{""url"":""https://instagram.com/tn5931"",""platform"":""Instagram""}]","MIXED_MULTIRACIAL",,,"[]",,"true","cmlsmumny000fvvss9yhah8ix","cmlsop3120001vvts9mn73t16","0","0","""2026-02-19T01:45:42.265Z""","""2026-02-19T03:22:30.981Z"""
"TN6885","Extras / Background","Zoe Clark is a Expert (10+ years) Acting & Performance professional based in Sydney, Australia. Available for bookings. ","Sydney, Australia","Expert (10+ years)","FEMALE","31","""1995-01-03T00:00:00.000Z""","173","AVERAGE","Brown","Grey","[""Cinematography"",""Piano"",""Voice Over"",""Choreography"",""Stunts""]","[]","/uploads/avatars/TN6885.jpg","upload","/uploads/banners/TN6885.jpg","upload","#aec4ca","[""https://www.youtube.com/watch?v=kXYiU_JCYtU""]","[]","[{""url"":""https://instagram.com/tn6885"",""platform"":""Instagram""}]","MIXED_MULTIRACIAL",,,"[]",,"true","cmlsmumny000fvvss9yhah8ix","cmlsop31p0007vvts8d5ry5g7","0","0","""2026-02-19T01:45:42.471Z""","""2026-02-19T03:22:31.127Z"""
"TN9372","Acting & Performance - General","Ella Walker is a Intermediate (3-5 years) Acting & Performance professional based in Berlin, Germany. Available for bookings. ","Berlin, Germany","Intermediate (3-5 years)","FEMALE","25","""2001-09-26T23:00:00.000Z""","163","MUSCULAR","Hazel","Brown","[""Choreography"",""Voice Over"",""Modeling"",""Audio Engineering"",""Cinematography""]","[]","/uploads/avatars/TN9372.jpg","upload","/uploads/banners/TN9372.jpg","upload","#892c59","[""https://www.youtube.com/watch?v=V-_O7nl0Ii0""]","[]","[{""url"":""https://instagram.com/tn9372"",""platform"":""Instagram""}]","PACIFIC_ISLANDER",,,"[]",,"true","cmlsmumny000fvvss9yhah8ix","cmlsmumo4000hvvssei459fz4","0","0","""2026-02-19T01:45:42.649Z""","""2026-02-19T03:22:31.276Z"""
"TN5956","Voice Acting","Lucas Taylor is a Intermediate (3-5 years) Acting & Performance professional based in Berlin, Germany. Available for bookings. ","Berlin, Germany","Intermediate (3-5 years)","PREFER_NOT_TO_SAY","55","""1971-02-26T23:00:00.000Z""","161","PLUS_SIZE","Amber","Dyed","[""Drums"",""Comedy"",""Piano"",""Voice Over"",""Fitness Coaching""]","[]","/uploads/avatars/TN5956.jpg","upload","/uploads/banners/TN5956.jpg","upload","#c1beec","[""https://www.youtube.com/watch?v=V-_O7nl0Ii0""]","[]","[{""url"":""https://instagram.com/tn5956"",""platform"":""Instagram""}]","BLACK_AFRICAN",,,"[]",,"true","cmlsmumny000fvvss9yhah8ix","cmlsop31u0009vvtsoz1vdx16","0","0","""2026-02-19T01:45:42.854Z""","""2026-02-19T03:22:31.416Z"""
"TN875","Theatre","Grace Robinson is a Beginner (0-2 years) Acting & Performance professional based in Toronto, Canada. Available for bookings. ","Toronto, Canada","Beginner (0-2 years)","FEMALE","53","""1973-04-02T23:00:00.000Z""","186","PLUS_SIZE","Amber","Dyed","[""Editing"",""Acting"",""Singing""]","[]","/uploads/avatars/TN875.jpg","upload","/uploads/banners/TN875.jpg","upload","#9e919f","[""https://www.youtube.com/watch?v=3JZ_D3ELwOQ""]","[]","[{""url"":""https://instagram.com/tn875"",""platform"":""Instagram""}]","HISPANIC_LATINO",,,"[]",,"true","cmlsmumny000fvvss9yhah8ix","cmlsop31f0003vvtspm2q2o52","0","0","""2026-02-19T01:45:43.258Z""","""2026-02-19T03:22:31.743Z"""
"TN8601","Extras / Background","Noah Lee is a Advanced (6-10 years) Acting & Performance professional based in New York, USA. Available for bookings. ","New York, USA","Advanced (6-10 years)","FEMALE","31","""1995-07-06T23:00:00.000Z""","160","CURVY","Hazel","Brown","[""Cinematography"",""Guitar"",""Comedy"",""Choreography"",""Stunts""]","[]","/uploads/avatars/TN8601.jpg","upload","/uploads/banners/TN8601.jpg","upload","#6b25c0","[""https://www.youtube.com/watch?v=V-_O7nl0Ii0""]","[]","[{""url"":""https://instagram.com/tn8601"",""platform"":""Instagram""}]","PREFER_NOT_TO_SAY",,,"[]",,"true","cmlsmumny000fvvss9yhah8ix","cmlsop31p0007vvts8d5ry5g7","0","0","""2026-02-19T01:45:43.893Z""","""2026-02-19T03:22:32.182Z"""
"TN4231","Extras / Background","Olivia Clark is a Intermediate (3-5 years) Acting & Performance professional based in Los Angeles, USA. Available for bookings. ","Los Angeles, USA","Intermediate (3-5 years)","FEMALE","36","""1990-11-20T00:00:00.000Z""","165","PREFER_NOT_TO_SAY","Grey","Bald","[""Modeling"",""Editing"",""Guitar"",""Singing"",""Acting""]","[]","/uploads/avatars/TN4231.jpg","upload","/uploads/banners/TN4231.jpg","upload","#b260f8","[""https://www.youtube.com/watch?v=kXYiU_JCYtU""]","[]","[{""url"":""https://instagram.com/tn4231"",""platform"":""Instagram""}]","PREFER_NOT_TO_SAY",,,"[]",,"true","cmlsmumny000fvvss9yhah8ix","cmlsop31p0007vvts8d5ry5g7","0","0","""2026-02-19T01:45:44.164Z""","""2026-02-19T03:22:32.348Z"""
"TN1252","Acting & Performance - General","Hugo Walker is a Beginner (0-2 years) Acting & Performance professional based in New York, USA. Available for bookings. ","New York, USA","Beginner (0-2 years)","NON_BINARY","41","""1985-12-08T00:00:00.000Z""","185","PLUS_SIZE","Green","Dyed","[""Guitar"",""Cinematography"",""Drums"",""Fitness Coaching"",""Piano""]","[]","/uploads/avatars/TN1252.jpg","upload","/uploads/banners/TN1252.jpg","upload","#c260f1","[""https://www.youtube.com/watch?v=3JZ_D3ELwOQ""]","[]","[{""url"":""https://instagram.com/tn1252"",""platform"":""Instagram""}]","PACIFIC_ISLANDER",,,"[]",,"true","cmlsmumny000fvvss9yhah8ix","cmlsmumo4000hvvssei459fz4","0","0","""2026-02-19T01:45:44.286Z""","""2026-02-19T03:22:32.500Z"""
"TN3990","Voice Acting","Logan Taylor is a Beginner (0-2 years) Acting & Performance professional based in New York, USA. Available for bookings. ","New York, USA","Beginner (0-2 years)","FEMALE","28","""1998-01-25T00:00:00.000Z""","190","ATHLETIC","Grey","Grey","[""Modeling"",""Fitness Coaching"",""Drums"",""Cinematography"",""Stunts""]","[]","/uploads/avatars/TN3990.jpg","upload","/uploads/banners/TN3990.jpg","upload","#af73a6","[""https://www.youtube.com/watch?v=V-_O7nl0Ii0""]","[]","[{""url"":""https://instagram.com/tn3990"",""platform"":""Instagram""}]","WHITE_CAUCASIAN",,,"[]",,"true","cmlsmumny000fvvss9yhah8ix","cmlsop31u0009vvtsoz1vdx16","0","0","""2026-02-19T01:45:44.497Z""","""2026-02-19T03:22:32.649Z"""
"TN3276","Extras / Background","Isla Smith is a Expert (10+ years) Acting & Performance professional based in New York, USA. Available for bookings. ","New York, USA","Expert (10+ years)","FEMALE","40","""1986-05-31T23:00:00.000Z""","185","ATHLETIC","Amber","Bald","[""Stunts"",""Audio Engineering"",""Editing"",""Dancing""]","[]","/uploads/avatars/TN3276.jpg","upload","/uploads/banners/TN3276.jpg","upload","#cae200","[""https://www.youtube.com/watch?v=3JZ_D3ELwOQ""]","[]","[{""url"":""https://instagram.com/tn3276"",""platform"":""Instagram""}]","NATIVE_AMERICAN",,,"[]",,"true","cmlsmumny000fvvss9yhah8ix","cmlsop31p0007vvts8d5ry5g7","0","0","""2026-02-19T01:45:44.729Z""","""2026-02-19T03:22:32.803Z"""
"TN1018","Theatre","Isla Robinson is a Intermediate (3-5 years) Acting & Performance professional based in Berlin, Germany. Available for bookings. ","Berlin, Germany","Intermediate (3-5 years)","MALE","27","""1999-06-22T23:00:00.000Z""","175","SLIM","Blue","Blonde","[""Modeling"",""Singing"",""Audio Engineering"",""Presentation"",""Stunts""]","[]","/uploads/avatars/TN1018.jpg","upload","/uploads/banners/TN1018.jpg","upload","#70562f","[""https://www.youtube.com/watch?v=dQw4w9WgXcQ""]","[]","[{""url"":""https://instagram.com/tn1018"",""platform"":""Instagram""}]","BLACK_AFRICAN",,,"[]",,"true","cmlsmumny000fvvss9yhah8ix","cmlsop31f0003vvtspm2q2o52","0","0","""2026-02-19T01:45:44.936Z""","""2026-02-19T03:22:33.243Z"""
"TN7954","Film/TV Acting","Chloe Brown is a Intermediate (3-5 years) Acting & Performance professional based in Sydney, Australia. Available for bookings. ","Sydney, Australia","Intermediate (3-5 years)","FEMALE","21","""2005-07-24T23:00:00.000Z""","164","PREFER_NOT_TO_SAY","Green","Brown","[""Stunts"",""Voice Over"",""Piano"",""Choreography"",""Editing""]","[]","/uploads/avatars/TN7954.jpg","upload","/uploads/banners/TN7954.jpg","upload","#5ad435","[""https://www.youtube.com/watch?v=kXYiU_JCYtU""]","[]","[{""url"":""https://instagram.com/tn7954"",""platform"":""Instagram""}]","PACIFIC_ISLANDER",,,"[]",,"true","cmlsmumny000fvvss9yhah8ix","cmlsop3120001vvts9mn73t16","0","0","""2026-02-19T01:45:45.171Z""","""2026-02-19T03:22:33.395Z"""
"TN4371","Extras / Background","Liam Martin is a Beginner (0-2 years) Acting & Performance professional based in New York, USA. Available for bookings. ","New York, USA","Beginner (0-2 years)","MALE","18","""2008-05-05T23:00:00.000Z""","192","AVERAGE","Amber","Grey","[""Comedy"",""Guitar"",""Drums""]","[]","/uploads/avatars/TN4371.jpg","upload","/uploads/banners/TN4371.jpg","upload","#4ac551","[""https://www.youtube.com/watch?v=3JZ_D3ELwOQ""]","[]","[{""url"":""https://instagram.com/tn4371"",""platform"":""Instagram""}]","NATIVE_AMERICAN",,,"[]",,"true","cmlsmumny000fvvss9yhah8ix","cmlsop31p0007vvts8d5ry5g7","0","0","""2026-02-19T01:45:45.397Z""","""2026-02-19T03:22:33.834Z"""
"TN1246","Theatre","Ethan Robinson is a Beginner (0-2 years) Acting & Performance professional based in Sydney, Australia. Available for bookings. ","Sydney, Australia","Beginner (0-2 years)","PREFER_NOT_TO_SAY","31","""1995-10-20T23:00:00.000Z""","186","CURVY","Grey","Grey","[""Editing"",""Piano"",""Acting"",""Presentation""]","[]","/uploads/avatars/TN1246.jpg","upload","/uploads/banners/TN1246.jpg","upload","#ad3be4","[""https://www.youtube.com/watch?v=kXYiU_JCYtU""]","[]","[{""url"":""https://instagram.com/tn1246"",""platform"":""Instagram""}]","HISPANIC_LATINO",,,"[]",,"true","cmlsmumny000fvvss9yhah8ix","cmlsop31f0003vvtspm2q2o52","0","0","""2026-02-19T01:45:45.617Z""","""2026-02-19T03:22:34.002Z"""
"TN8859","Commercial VO","Lucas Taylor is a Advanced (6-10 years) Voice Over & Dubbing professional based in Paris, France. Available for bookings. ","Paris, France","Advanced (6-10 years)","FEMALE","50","""1976-06-05T23:00:00.000Z""","191","PLUS_SIZE","Blue","Grey","[""Modeling"",""Piano"",""Editing"",""Presentation""]","[]","/uploads/avatars/TN8859.jpg","upload","/uploads/banners/TN8859.jpg","upload","#a9ae88","[""https://www.youtube.com/watch?v=3JZ_D3ELwOQ""]","[]","[{""url"":""https://instagram.com/tn8859"",""platform"":""Instagram""}]","PACIFIC_ISLANDER",,,"[]",,"true","cmlsmumkc0000vvss6oz86hbr","cmlsop360001rvvtsn5u55344","0","0","""2026-02-19T01:45:32.398Z""","""2026-02-19T03:22:21.739Z"""
"TN3743","Dubbing / ADR","Hugo Smith is a Intermediate (3-5 years) Voice Over & Dubbing professional based in Los Angeles, USA. Available for bookings. ","Los Angeles, USA","Intermediate (3-5 years)","NON_BINARY","47","""1979-09-14T23:00:00.000Z""","184","ATHLETIC","Blue","Dyed","[""Guitar"",""Modeling"",""Choreography""]","[]","/uploads/avatars/TN3743.jpg","upload","/uploads/banners/TN3743.jpg","upload","#a5de58","[""https://www.youtube.com/watch?v=dQw4w9WgXcQ""]","[]","[{""url"":""https://instagram.com/tn3743"",""platform"":""Instagram""}]","WHITE_CAUCASIAN",,,"[]",,"true","cmlsmumkc0000vvss6oz86hbr","cmlsop36g001xvvtsp3fqgt8r","0","0","""2026-02-19T01:45:32.485Z""","""2026-02-19T03:22:34.698Z"""
"TN9808","Sports & Fitness - General","Mason Robinson is a Expert (10+ years) Sports & Fitness professional based in Berlin, Germany. Available for bookings. ","Berlin, Germany","Expert (10+ years)","PREFER_NOT_TO_SAY","25","""2001-08-15T23:00:00.000Z""","190","ATHLETIC","Hazel","Bald","[""Acting"",""Fitness Coaching"",""Guitar"",""Choreography"",""Piano"",""Dancing""]","[]","/uploads/avatars/TN9808.jpg","upload","/uploads/banners/TN9808.jpg","upload","#656baa","[""https://www.youtube.com/watch?v=kXYiU_JCYtU""]","[]","[{""url"":""https://instagram.com/tn9808"",""platform"":""Instagram""}]","MIXED_MULTIRACIAL",,,"[]",,"true","cmlsmump5000rvvssaapbs2qv","cmlsmump9000tvvssqfi9q5vs","0","0","""2026-02-19T01:45:46.224Z""","""2026-02-19T03:22:34.845Z"""
"TN3487","Sports & Fitness - General","Noah Walker is a Expert (10+ years) Sports & Fitness professional based in Berlin, Germany. Available for bookings. ","Berlin, Germany","Expert (10+ years)","NON_BINARY","26","""2000-11-12T00:00:00.000Z""","172","SLIM","Blue","Red","[""Editing"",""Choreography"",""Fitness Coaching"",""Stunts"",""Dancing""]","[]","/uploads/avatars/TN3487.jpg","upload","/uploads/banners/TN3487.jpg","upload","#64feb2","[""https://www.youtube.com/watch?v=kXYiU_JCYtU""]","[]","[{""url"":""https://instagram.com/tn3487"",""platform"":""Instagram""}]","ASIAN",,,"[]",,"true","cmlsmump5000rvvssaapbs2qv","cmlsmump9000tvvssqfi9q5vs","0","0","""2026-02-19T01:45:46.416Z""","""2026-02-19T03:22:35.011Z"""
"TN7117","Personal Trainers","Mason Brown is a Advanced (6-10 years) Sports & Fitness professional based in Toronto, Canada. Available for bookings. ","Toronto, Canada","Advanced (6-10 years)","MALE","33","""1993-07-25T23:00:00.000Z""","193","PREFER_NOT_TO_SAY","Hazel","Grey","[""Modeling"",""Drums"",""Dancing""]","[]","/uploads/avatars/TN7117.jpg","upload","/uploads/banners/TN7117.jpg","upload","#86492b","[""https://www.youtube.com/watch?v=3JZ_D3ELwOQ""]","[]","[{""url"":""https://instagram.com/tn7117"",""platform"":""Instagram""}]","HISPANIC_LATINO",,,"[]",,"true","cmlsmump5000rvvssaapbs2qv","cmlsop34z001dvvtsc97idpni","0","0","""2026-02-19T01:45:46.590Z""","""2026-02-19T03:22:35.180Z"""
"TN7643","Personal Trainers","Liam Robinson is a Expert (10+ years) Sports & Fitness professional based in Los Angeles, USA. Available for bookings. ","Los Angeles, USA","Expert (10+ years)","NON_BINARY","25","""2001-03-31T23:00:00.000Z""","177","MUSCULAR","Amber","Bald","[""Presentation"",""Modeling"",""Choreography"",""Editing"",""Dancing""]","[]","/uploads/avatars/TN7643.jpg","upload","/uploads/banners/TN7643.jpg","upload","#a5ead1","[""https://www.youtube.com/watch?v=kXYiU_JCYtU""]","[]","[{""url"":""https://instagram.com/tn7643"",""platform"":""Instagram""}]","HISPANIC_LATINO",,,"[]",,"true","cmlsmump5000rvvssaapbs2qv","cmlsop34z001dvvtsc97idpni","0","0","""2026-02-19T01:45:46.805Z""","""2026-02-19T03:22:35.342Z"""
"TN4967","Sports & Fitness - General","Lucas Brown is a Advanced (6-10 years) Sports & Fitness professional based in Manchester, UK. Available for bookings. ","Manchester, UK","Advanced (6-10 years)","PREFER_NOT_TO_SAY","20","""2006-12-28T00:00:00.000Z""","184","CURVY","Brown","Black","[""Voice Over"",""Stunts"",""Drums"",""Guitar""]","[]","/uploads/avatars/TN4967.jpg","upload","/uploads/banners/TN4967.jpg","upload","#ab660e","[""https://www.youtube.com/watch?v=V-_O7nl0Ii0""]","[]","[{""url"":""https://instagram.com/tn4967"",""platform"":""Instagram""}]","MIXED_MULTIRACIAL",,,"[]",,"true","cmlsmump5000rvvssaapbs2qv","cmlsmump9000tvvssqfi9q5vs","0","0","""2026-02-19T01:45:46.995Z""","""2026-02-19T03:22:35.770Z"""
"TN3451","Fight / Combat","James Lee is a Intermediate (3-5 years) Stunts professional based in London, UK. Available for bookings. ","London, UK","Intermediate (3-5 years)","NON_BINARY","40","""1986-07-13T23:00:00.000Z""","181","SLIM","Blue","Grey","[""Guitar"",""Choreography"",""Voice Over"",""Acting"",""Cinematography""]","[]","/uploads/avatars/TN3451.jpg","upload","/uploads/banners/TN3451.jpg","upload","#4879bb","[""https://www.youtube.com/watch?v=kXYiU_JCYtU""]","[]","[{""url"":""https://instagram.com/tn3451"",""platform"":""Instagram""}]","PREFER_NOT_TO_SAY",,,"[]",,"true","cmlsmumpf000uvvss6uuisolq","cmlsort0e0001vvjwr7ewcnte","0","0","""2026-02-19T01:45:47.167Z""","""2026-02-19T03:22:36.223Z"""
"TN7991","Stand-up","Mia Smith is a Expert (10+ years) Comedy professional based in Paris, France. Available for bookings. ","Paris, France","Expert (10+ years)","NON_BINARY","35","""1991-04-19T23:00:00.000Z""","187","AVERAGE","Amber","Bald","[""Editing"",""Presentation"",""Drums"",""Comedy"",""Audio Engineering""]","[]","/uploads/avatars/TN7991.jpg","upload","/uploads/banners/TN7991.jpg","upload","#a6ed5e","[""https://www.youtube.com/watch?v=dQw4w9WgXcQ""]","[]","[{""url"":""https://instagram.com/tn7991"",""platform"":""Instagram""}]","BLACK_AFRICAN",,,"[]",,"true","cmlsmumqb0013vvsso267bmcf","cmlsop31y000bvvtsib1tbzoy","0","0","""2026-02-19T01:45:47.409Z""","""2026-02-19T03:22:36.364Z"""
"TN8313","Comedy - General","James Brown is a Expert (10+ years) Comedy professional based in New York, USA. Available for bookings. ","New York, USA","Expert (10+ years)","PREFER_NOT_TO_SAY","18","""2008-06-24T23:00:00.000Z""","158","PLUS_SIZE","Green","Grey","[""Piano"",""Dancing"",""Cinematography""]","[]","/uploads/avatars/TN8313.jpg","upload","/uploads/banners/TN8313.jpg","upload","#af787e","[""https://www.youtube.com/watch?v=kXYiU_JCYtU""]","[]","[{""url"":""https://instagram.com/tn8313"",""platform"":""Instagram""}]","HISPANIC_LATINO",,,"[]",,"true","cmlsmumqb0013vvsso267bmcf","cmlsmumqi0015vvss2d87e4w8","0","0","""2026-02-19T01:45:47.599Z""","""2026-02-19T03:22:36.517Z"""
"TN5942","Narration / Audiobooks","Grace Smith is a Intermediate (3-5 years) Voice Over & Dubbing professional based in New York, USA. Available for bookings. ","New York, USA","Intermediate (3-5 years)","MALE","49","""1977-07-22T23:00:00.000Z""","193","PLUS_SIZE","Green","Grey","[""Acting"",""Modeling"",""Guitar""]","[]","/uploads/avatars/TN5942.jpg","upload","/uploads/banners/TN5942.jpg","upload","#bb4654","[""https://www.youtube.com/watch?v=V-_O7nl0Ii0""]","[]","[{""url"":""https://instagram.com/tn5942"",""platform"":""Instagram""}]","ASIAN",,,"[]",,"true","cmlsmumkc0000vvss6oz86hbr","cmlsop365001tvvtsijw6bfb3","0","0","""2026-02-19T01:45:33.166Z""","""2026-02-19T03:22:36.973Z"""
"TN1497","Voice Over & Dubbing - General","Chloe Johnson is a Intermediate (3-5 years) Voice Over & Dubbing professional based in Los Angeles, USA. Available for bookings. ","Los Angeles, USA","Intermediate (3-5 years)","NON_BINARY","21","""2005-03-24T00:00:00.000Z""","160","AVERAGE","Green","Dyed","[""Piano"",""Comedy"",""Stunts"",""Singing""]","[]","/uploads/avatars/TN1497.jpg","upload","/uploads/banners/TN1497.jpg","upload","#928926","[""https://www.youtube.com/watch?v=kXYiU_JCYtU""]","[]","[{""url"":""https://instagram.com/tn1497"",""platform"":""Instagram""}]","MIDDLE_EASTERN",,,"[]",,"true","cmlsmumkc0000vvss6oz86hbr","cmlsmumm60002vvssky7ff7s4","0","0","""2026-02-19T01:45:33.344Z""","""2026-02-19T03:22:37.138Z"""
"TN8969","Dubbing / ADR","Mia Clark is a Advanced (6-10 years) Voice Over & Dubbing professional based in Sydney, Australia. Available for bookings. ","Sydney, Australia","Advanced (6-10 years)","NON_BINARY","45","""1981-02-08T00:00:00.000Z""","193","MUSCULAR","Hazel","Brown","[""Audio Engineering"",""Singing"",""Guitar""]","[]","/uploads/avatars/TN8969.jpg","upload","/uploads/banners/TN8969.jpg","upload","#c78c3e","[""https://www.youtube.com/watch?v=3JZ_D3ELwOQ""]","[]","[{""url"":""https://instagram.com/tn8969"",""platform"":""Instagram""}]","MIDDLE_EASTERN",,,"[]",,"true","cmlsmumkc0000vvss6oz86hbr","cmlsop36g001xvvtsp3fqgt8r","0","0","""2026-02-19T01:45:33.529Z""","""2026-02-19T03:22:37.283Z"""
"TN6744","DJs","Logan Walker is a Beginner (0-2 years) Music & Audio professional based in Paris, France. Available for bookings. ","Paris, France","Beginner (0-2 years)","NON_BINARY","39","""1987-01-21T00:00:00.000Z""","157","CURVY","Blue","Black","[""Drums"",""Dancing"",""Choreography"",""Presentation""]","[]","/uploads/avatars/TN6744.jpg","upload","/uploads/banners/TN6744.jpg","upload","#5a6368","[""https://www.youtube.com/watch?v=kXYiU_JCYtU""]","[]","[{""url"":""https://instagram.com/tn6744"",""platform"":""Instagram""}]","PREFER_NOT_TO_SAY",,,"[]",,"true","cmlsmumnc0009vvssleo3ucjr","cmlsp0o2a0001vv60e6ntwam9","0","0","""2026-02-19T01:45:33.791Z""","""2026-02-19T03:22:37.431Z"""
"TN4379","Music Production","Logan Brown is a Beginner (0-2 years) Music & Audio professional based in London, UK. Available for bookings. ","London, UK","Beginner (0-2 years)","FEMALE","34","""1992-02-02T00:00:00.000Z""","182","PREFER_NOT_TO_SAY","Grey","Dyed","[""Audio Engineering"",""Piano"",""Choreography"",""Stunts"",""Voice Over"",""Dancing""]","[]","/uploads/avatars/TN4379.jpg","upload","/uploads/banners/TN4379.jpg","upload","#839030","[""https://www.youtube.com/watch?v=V-_O7nl0Ii0""]","[]","[{""url"":""https://instagram.com/tn4379"",""platform"":""Instagram""}]","MIXED_MULTIRACIAL",,,"[]",,"true","cmlsmumnc0009vvssleo3ucjr","cmlsop34j0017vvtsqlzcorf6","0","0","""2026-02-19T01:45:34.007Z""","""2026-02-19T03:22:37.582Z"""
"TN3458","Composers / Arrangers","Ella Johnson is a Advanced (6-10 years) Music & Audio professional based in London, UK. Available for bookings. ","London, UK","Advanced (6-10 years)","MALE","54","""1972-05-07T23:00:00.000Z""","188","PREFER_NOT_TO_SAY","Blue","Bald","[""Modeling"",""Stunts"",""Editing""]","[]","/uploads/avatars/TN3458.jpg","upload","/uploads/banners/TN3458.jpg","upload","#9100b4","[""https://www.youtube.com/watch?v=3JZ_D3ELwOQ""]","[]","[{""url"":""https://instagram.com/tn3458"",""platform"":""Instagram""}]","NATIVE_AMERICAN",,,"[]",,"true","cmlsmumnc0009vvssleo3ucjr","cmlsop34u001bvvts7umvrfn9","0","0","""2026-02-19T01:45:34.193Z""","""2026-02-19T03:22:37.733Z"""
"TN842","DJs","Liam Wilson is a Intermediate (3-5 years) Music & Audio professional based in Manchester, UK. Available for bookings. ","Manchester, UK","Intermediate (3-5 years)","MALE","34","""1992-02-16T00:00:00.000Z""","183","ATHLETIC","Amber","Black","[""Cinematography"",""Dancing"",""Piano"",""Fitness Coaching"",""Acting"",""Drums""]","[]","/uploads/avatars/TN842.jpg","upload","/uploads/banners/TN842.jpg","upload","#999514","[""https://www.youtube.com/watch?v=kXYiU_JCYtU""]","[]","[{""url"":""https://instagram.com/tn842"",""platform"":""Instagram""}]","PACIFIC_ISLANDER",,,"[]",,"true","cmlsmumnc0009vvssleo3ucjr","cmlsp0o2a0001vv60e6ntwam9","0","0","""2026-02-19T01:45:34.371Z""","""2026-02-19T03:22:37.877Z"""
"TN8560","Musicians (Instrumental)","Amelia Smith is a Intermediate (3-5 years) Music & Audio professional based in London, UK. Available for bookings. ","London, UK","Intermediate (3-5 years)","NON_BINARY","25","""2001-07-23T23:00:00.000Z""","163","PREFER_NOT_TO_SAY","Hazel","Dyed","[""Choreography"",""Editing"",""Audio Engineering"",""Comedy"",""Cinematography"",""Piano""]","[]","/uploads/avatars/TN8560.jpg","upload","/uploads/banners/TN8560.jpg","upload","#8fcebc","[""https://www.youtube.com/watch?v=kXYiU_JCYtU""]","[]","[{""url"":""https://instagram.com/tn8560"",""platform"":""Instagram""}]","ASIAN",,,"[]",,"true","cmlsmumnc0009vvssleo3ucjr","cmlsop3470013vvtsafcl2g69","0","0","""2026-02-19T01:45:34.466Z""","""2026-02-19T03:22:38.035Z"""
"TN1158","Music Production","Sophia Lee is a Expert (10+ years) Music & Audio professional based in London, UK. Available for bookings. ","London, UK","Expert (10+ years)","NON_BINARY","26","""2000-01-19T00:00:00.000Z""","194","PLUS_SIZE","Grey","Dyed","[""Dancing"",""Fitness Coaching"",""Choreography"",""Guitar"",""Audio Engineering"",""Voice Over""]","[]","/uploads/avatars/TN1158.jpg","upload","/uploads/banners/TN1158.jpg","upload","#8a5e0d","[""https://www.youtube.com/watch?v=3JZ_D3ELwOQ""]","[]","[{""url"":""https://instagram.com/tn1158"",""platform"":""Instagram""}]","MIXED_MULTIRACIAL",,,"[]",,"true","cmlsmumnc0009vvssleo3ucjr","cmlsop34j0017vvtsqlzcorf6","0","0","""2026-02-19T01:45:34.660Z""","""2026-02-19T03:22:38.188Z"""
"TN7748","Musicians (Instrumental)","Hugo Taylor is a Advanced (6-10 years) Music & Audio professional based in Paris, France. Available for bookings. ","Paris, France","Advanced (6-10 years)","MALE","21","""2005-08-18T23:00:00.000Z""","188","PLUS_SIZE","Blue","Black","[""Voice Over"",""Acting"",""Singing""]","[]","/uploads/avatars/TN7748.jpg","upload","/uploads/banners/TN7748.jpg","upload","#6f8d72","[""https://www.youtube.com/watch?v=kXYiU_JCYtU""]","[]","[{""url"":""https://instagram.com/tn7748"",""platform"":""Instagram""}]","PACIFIC_ISLANDER",,,"[]",,"true","cmlsmumnc0009vvssleo3ucjr","cmlsop3470013vvtsafcl2g69","0","0","""2026-02-19T01:45:34.833Z""","""2026-02-19T03:22:38.322Z"""
"TN1647","Music & Audio - General","Ethan Johnson is a Beginner (0-2 years) Music & Audio professional based in Berlin, Germany. Available for bookings. ","Berlin, Germany","Beginner (0-2 years)","MALE","36","""1990-11-18T00:00:00.000Z""","173","PREFER_NOT_TO_SAY","Green","Red","[""Cinematography"",""Fitness Coaching"",""Singing"",""Comedy"",""Audio Engineering""]","[]","/uploads/avatars/TN1647.jpg","upload","/uploads/banners/TN1647.jpg","upload","#b3981b","[""https://www.youtube.com/watch?v=3JZ_D3ELwOQ""]","[]","[{""url"":""https://instagram.com/tn1647"",""platform"":""Instagram""}]","MIXED_MULTIRACIAL",,,"[]",,"true","cmlsmumnc0009vvssleo3ucjr","cmlsmumni000bvvss1ybhokqo","0","0","""2026-02-19T01:45:35.218Z""","""2026-02-19T03:22:38.622Z"""
"TN3331","DJs","Logan Smith is a Intermediate (3-5 years) Music & Audio professional based in New York, USA. Available for bookings. ","New York, USA","Intermediate (3-5 years)","PREFER_NOT_TO_SAY","40","""1986-04-11T23:00:00.000Z""","163","ATHLETIC","Hazel","Dyed","[""Voice Over"",""Comedy"",""Singing"",""Piano"",""Modeling""]","[]","/uploads/avatars/TN3331.jpg","upload","/uploads/banners/TN3331.jpg","upload","#ab8e94","[""https://www.youtube.com/watch?v=dQw4w9WgXcQ""]","[]","[{""url"":""https://instagram.com/tn3331"",""platform"":""Instagram""}]","MIDDLE_EASTERN",,,"[]",,"true","cmlsmumnc0009vvssleo3ucjr","cmlsp0o2a0001vv60e6ntwam9","0","0","""2026-02-19T01:45:35.400Z""","""2026-02-19T03:22:38.772Z"""
"TN7267","DJs","Lucas Robinson is a Beginner (0-2 years) Music & Audio professional based in Sydney, Australia. Available for bookings. ","Sydney, Australia","Beginner (0-2 years)","PREFER_NOT_TO_SAY","29","""1997-11-03T00:00:00.000Z""","159","ATHLETIC","Amber","Blonde","[""Drums"",""Acting"",""Comedy""]","[]","/uploads/avatars/TN7267.jpg","upload","/uploads/banners/TN7267.jpg","upload","#4dbdf7","[""https://www.youtube.com/watch?v=3JZ_D3ELwOQ""]","[]","[{""url"":""https://instagram.com/tn7267"",""platform"":""Instagram""}]","MIDDLE_EASTERN",,,"[]",,"true","cmlsmumnc0009vvssleo3ucjr","cmlsp0o2a0001vv60e6ntwam9","0","0","""2026-02-19T01:45:35.807Z""","""2026-02-19T03:22:39.079Z"""
"TN8055","Vocalists / Singers","Ethan Brown is a Beginner (0-2 years) Music & Audio professional based in London, UK. Available for bookings. ","London, UK","Beginner (0-2 years)","MALE","50","""1976-11-04T00:00:00.000Z""","158","ATHLETIC","Green","Red","[""Piano"",""Modeling"",""Editing"",""Fitness Coaching""]","[]","/uploads/avatars/TN8055.jpg","upload","/uploads/banners/TN8055.jpg","upload","#a4fe35","[""https://www.youtube.com/watch?v=3JZ_D3ELwOQ""]","[]","[{""url"":""https://instagram.com/tn8055"",""platform"":""Instagram""}]","BLACK_AFRICAN",,,"[]",,"true","cmlsmumnc0009vvssleo3ucjr","cmlsop34c0015vvts7dfwk3dh","0","0","""2026-02-19T01:45:36.001Z""","""2026-02-19T03:22:39.228Z"""
"TN9011","Musicians (Instrumental)","Chloe Taylor is a Expert (10+ years) Music & Audio professional based in Berlin, Germany. Available for bookings. ","Berlin, Germany","Expert (10+ years)","FEMALE","26","""2000-08-11T23:00:00.000Z""","166","SLIM","Grey","Red","[""Acting"",""Fitness Coaching"",""Stunts"",""Cinematography"",""Drums""]","[]","/uploads/avatars/TN9011.jpg","upload","/uploads/banners/TN9011.jpg","upload","#893941","[""https://www.youtube.com/watch?v=kXYiU_JCYtU""]","[]","[{""url"":""https://instagram.com/tn9011"",""platform"":""Instagram""}]","ASIAN",,,"[]",,"true","cmlsmumnc0009vvssleo3ucjr","cmlsop3470013vvtsafcl2g69","0","0","""2026-02-19T01:45:36.183Z""","""2026-02-19T03:22:39.379Z"""
"TN4894","Vocalists / Singers","Noah Lee is a Intermediate (3-5 years) Music & Audio professional based in London, UK. Available for bookings. ","London, UK","Intermediate (3-5 years)","MALE","54","""1972-07-23T23:00:00.000Z""","193","PREFER_NOT_TO_SAY","Hazel","Grey","[""Editing"",""Audio Engineering"",""Comedy""]","[]","/uploads/avatars/TN4894.jpg","upload","/uploads/banners/TN4894.jpg","upload","#9f1f55","[""https://www.youtube.com/watch?v=dQw4w9WgXcQ""]","[]","[{""url"":""https://instagram.com/tn4894"",""platform"":""Instagram""}]","PREFER_NOT_TO_SAY",,,"[]",,"true","cmlsmumnc0009vvssleo3ucjr","cmlsop34c0015vvts7dfwk3dh","0","0","""2026-02-19T01:45:36.451Z""","""2026-02-19T03:22:39.539Z"""
"TN1795","Composers / Arrangers","Mason Brown is a Expert (10+ years) Music & Audio professional based in Berlin, Germany. Available for bookings. ","Berlin, Germany","Expert (10+ years)","NON_BINARY","46","""1980-07-05T23:00:00.000Z""","195","MUSCULAR","Blue","Bald","[""Audio Engineering"",""Cinematography"",""Fitness Coaching""]","[]","/uploads/avatars/TN1795.jpg","upload","/uploads/banners/TN1795.jpg","upload","#449296","[""https://www.youtube.com/watch?v=kXYiU_JCYtU""]","[]","[{""url"":""https://instagram.com/tn1795"",""platform"":""Instagram""}]","BLACK_AFRICAN",,,"[]",,"true","cmlsmumnc0009vvssleo3ucjr","cmlsop34u001bvvts7umvrfn9","0","0","""2026-02-19T01:45:36.547Z""","""2026-02-19T03:22:39.694Z"""
"TN6963","Composers / Arrangers","Mason Taylor is a Beginner (0-2 years) Music & Audio professional based in New York, USA. Available for bookings. ","New York, USA","Beginner (0-2 years)","PREFER_NOT_TO_SAY","18","""2008-04-11T23:00:00.000Z""","175","PREFER_NOT_TO_SAY","Blue","Blonde","[""Singing"",""Voice Over"",""Fitness Coaching"",""Comedy"",""Audio Engineering"",""Presentation""]","[]","/uploads/avatars/TN6963.jpg","upload","/uploads/banners/TN6963.jpg","upload","#90b779","[""https://www.youtube.com/watch?v=dQw4w9WgXcQ""]","[]","[{""url"":""https://instagram.com/tn6963"",""platform"":""Instagram""}]","PREFER_NOT_TO_SAY",,,"[]",,"true","cmlsmumnc0009vvssleo3ucjr","cmlsop34u001bvvts7umvrfn9","0","0","""2026-02-19T01:45:36.647Z""","""2026-02-19T03:22:39.859Z"""
"TN1728","Music Production","Oliver Robinson is a Beginner (0-2 years) Music & Audio professional based in London, UK. Available for bookings. ","London, UK","Beginner (0-2 years)","PREFER_NOT_TO_SAY","43","""1983-09-12T23:00:00.000Z""","173","PREFER_NOT_TO_SAY","Hazel","Blonde","[""Choreography"",""Stunts"",""Dancing"",""Audio Engineering"",""Cinematography""]","[]","/uploads/avatars/TN1728.jpg","upload","/uploads/banners/TN1728.jpg","upload","#6d2c98","[""https://www.youtube.com/watch?v=kXYiU_JCYtU""]","[]","[{""url"":""https://instagram.com/tn1728"",""platform"":""Instagram""}]","ASIAN",,,"[]",,"true","cmlsmumnc0009vvssleo3ucjr","cmlsop34j0017vvtsqlzcorf6","0","0","""2026-02-19T01:45:36.835Z""","""2026-02-19T03:22:40.027Z"""
"TN2701","Musicians (Instrumental)","Amelia Smith is a Beginner (0-2 years) Music & Audio professional based in Sydney, Australia. Available for bookings. ","Sydney, Australia","Beginner (0-2 years)","MALE","26","""2000-10-24T23:00:00.000Z""","157","AVERAGE","Brown","Bald","[""Audio Engineering"",""Stunts"",""Choreography"",""Cinematography""]","[]","/uploads/avatars/TN2701.jpg","upload","/uploads/banners/TN2701.jpg","upload","#bb603e","[""https://www.youtube.com/watch?v=kXYiU_JCYtU""]","[]","[{""url"":""https://instagram.com/tn2701"",""platform"":""Instagram""}]","ASIAN",,,"[]",,"true","cmlsmumnc0009vvssleo3ucjr","cmlsop3470013vvtsafcl2g69","0","0","""2026-02-19T01:45:37.030Z""","""2026-02-19T03:22:40.186Z"""
"TN4710","Session Musicians","Zoe Clark is a Expert (10+ years) Music & Audio professional based in Berlin, Germany. Available for bookings. ","Berlin, Germany","Expert (10+ years)","MALE","51","""1975-12-23T00:00:00.000Z""","191","MUSCULAR","Blue","Dyed","[""Choreography"",""Presentation"",""Acting"",""Stunts"",""Fitness Coaching""]","[]","/uploads/avatars/TN4710.jpg","upload","/uploads/banners/TN4710.jpg","upload","#4e5aca","[""https://www.youtube.com/watch?v=V-_O7nl0Ii0""]","[]","[{""url"":""https://instagram.com/tn4710"",""platform"":""Instagram""}]","BLACK_AFRICAN",,,"[]",,"true","cmlsmumnc0009vvssleo3ucjr","cmlsop34q0019vvtsq7gcgu6d","0","0","""2026-02-19T01:45:37.584Z""","""2026-02-19T03:22:40.646Z"""
"TN9386","Session Musicians","Chloe Robinson is a Expert (10+ years) Music & Audio professional based in Manchester, UK. Available for bookings. ","Manchester, UK","Expert (10+ years)","FEMALE","22","""2004-03-28T00:00:00.000Z""","193","SLIM","Grey","Brown","[""Voice Over"",""Acting"",""Audio Engineering""]","[]","/uploads/avatars/TN9386.jpg","upload","/uploads/banners/TN9386.jpg","upload","#a2d640","[""https://www.youtube.com/watch?v=kXYiU_JCYtU""]","[]","[{""url"":""https://instagram.com/tn9386"",""platform"":""Instagram""}]","ASIAN",,,"[]",,"true","cmlsmumnc0009vvssleo3ucjr","cmlsop34q0019vvtsq7gcgu6d","0","0","""2026-02-19T01:45:37.763Z""","""2026-02-19T03:22:41.075Z"""
"TN8474","DJs","James Wilson is a Beginner (0-2 years) Music & Audio professional based in Los Angeles, USA. Available for bookings. ","Los Angeles, USA","Beginner (0-2 years)","FEMALE","44","""1982-04-02T23:00:00.000Z""","155","PREFER_NOT_TO_SAY","Blue","Dyed","[""Voice Over"",""Fitness Coaching"",""Modeling"",""Drums""]","[]","/uploads/avatars/TN8474.jpg","upload","/uploads/banners/TN8474.jpg","upload","#887eef","[""https://www.youtube.com/watch?v=kXYiU_JCYtU""]","[]","[{""url"":""https://instagram.com/tn8474"",""platform"":""Instagram""}]","HISPANIC_LATINO",,,"[]",,"true","cmlsmumnc0009vvssleo3ucjr","cmlsp0o2a0001vv60e6ntwam9","0","0","""2026-02-19T01:45:37.955Z""","""2026-02-19T03:22:41.210Z"""
"TN6802","DJs","Noah Wilson is a Beginner (0-2 years) Music & Audio professional based in Sydney, Australia. Available for bookings. ","Sydney, Australia","Beginner (0-2 years)","FEMALE","42","""1984-03-22T00:00:00.000Z""","155","AVERAGE","Brown","Dyed","[""Cinematography"",""Dancing"",""Singing"",""Piano"",""Guitar""]","[]","/uploads/avatars/TN6802.jpg","upload","/uploads/banners/TN6802.jpg","upload","#8abe09","[""https://www.youtube.com/watch?v=3JZ_D3ELwOQ""]","[]","[{""url"":""https://instagram.com/tn6802"",""platform"":""Instagram""}]","ASIAN",,,"[]",,"true","cmlsmumnc0009vvssleo3ucjr","cmlsp0o2a0001vv60e6ntwam9","0","0","""2026-02-19T01:45:38.156Z""","""2026-02-19T03:22:41.351Z"""
"TN1437","Session Musicians","Hugo Martin is a Intermediate (3-5 years) Music & Audio professional based in Los Angeles, USA. Available for bookings. ","Los Angeles, USA","Intermediate (3-5 years)","MALE","30","""1996-07-12T23:00:00.000Z""","186","ATHLETIC","Grey","Black","[""Choreography"",""Audio Engineering"",""Presentation"",""Voice Over"",""Comedy"",""Drums""]","[]","/uploads/avatars/TN1437.jpg","upload","/uploads/banners/TN1437.jpg","upload","#880765","[""https://www.youtube.com/watch?v=3JZ_D3ELwOQ""]","[]","[{""url"":""https://instagram.com/tn1437"",""platform"":""Instagram""}]","PREFER_NOT_TO_SAY",,,"[]",,"true","cmlsmumnc0009vvssleo3ucjr","cmlsop34q0019vvtsq7gcgu6d","0","0","""2026-02-19T01:45:38.338Z""","""2026-02-19T03:22:41.498Z"""
"TN8403","Composers / Arrangers","Mia Martin is a Intermediate (3-5 years) Music & Audio professional based in Sydney, Australia. Available for bookings. ","Sydney, Australia","Intermediate (3-5 years)","FEMALE","29","""1997-01-07T00:00:00.000Z""","184","AVERAGE","Blue","Brown","[""Voice Over"",""Drums"",""Presentation""]","[]","/uploads/avatars/TN8403.jpg","upload","/uploads/banners/TN8403.jpg","upload","#b61a29","[""https://www.youtube.com/watch?v=V-_O7nl0Ii0""]","[]","[{""url"":""https://instagram.com/tn8403"",""platform"":""Instagram""}]","WHITE_CAUCASIAN",,,"[]",,"true","cmlsmumnc0009vvssleo3ucjr","cmlsop34u001bvvts7umvrfn9","0","0","""2026-02-19T01:45:38.631Z""","""2026-02-19T03:22:41.650Z"""
"TN2456","Music Production","Grace Lee is a Expert (10+ years) Music & Audio professional based in Paris, France. Available for bookings. ","Paris, France","Expert (10+ years)","FEMALE","46","""1980-09-24T23:00:00.000Z""","160","CURVY","Blue","Black","[""Piano"",""Fitness Coaching"",""Cinematography"",""Choreography"",""Audio Engineering"",""Editing""]","[]","/uploads/avatars/TN2456.jpg","upload","/uploads/banners/TN2456.jpg","upload","#508902","[""https://www.youtube.com/watch?v=dQw4w9WgXcQ""]","[]","[{""url"":""https://instagram.com/tn2456"",""platform"":""Instagram""}]","PACIFIC_ISLANDER",,,"[]",,"true","cmlsmumnc0009vvssleo3ucjr","cmlsop34j0017vvtsqlzcorf6","0","0","""2026-02-19T01:45:38.732Z""","""2026-02-19T03:22:41.786Z"""
"TN9686","Music & Audio - General","Isla Brown is a Expert (10+ years) Music & Audio professional based in Manchester, UK. Available for bookings. ","Manchester, UK","Expert (10+ years)","MALE","54","""1972-04-19T23:00:00.000Z""","187","SLIM","Green","Brown","[""Cinematography"",""Audio Engineering"",""Editing"",""Guitar""]","[]","/uploads/avatars/TN9686.jpg","upload","/uploads/banners/TN9686.jpg","upload","#ab91da","[""https://www.youtube.com/watch?v=V-_O7nl0Ii0""]","[]","[{""url"":""https://instagram.com/tn9686"",""platform"":""Instagram""}]","MIDDLE_EASTERN",,,"[]",,"true","cmlsmumnc0009vvssleo3ucjr","cmlsmumni000bvvss1ybhokqo","0","0","""2026-02-19T01:45:38.821Z""","""2026-02-19T03:22:41.922Z"""
"TN294","Editors / Post-production","James Taylor is a Advanced (6-10 years) Video Production professional based in Manchester, UK. Available for bookings. ","Manchester, UK","Advanced (6-10 years)","FEMALE","55","""1971-02-16T23:00:00.000Z""","178","AVERAGE","Amber","Dyed","[""Drums"",""Voice Over"",""Guitar"",""Acting"",""Piano""]","[]","/uploads/avatars/TN294.jpg","upload","/uploads/banners/TN294.jpg","upload","#a24d96","[""https://www.youtube.com/watch?v=kXYiU_JCYtU""]","[]","[{""url"":""https://instagram.com/tn294"",""platform"":""Instagram""}]","PACIFIC_ISLANDER",,,"[]",,"true","cmlsmumnn000cvvssxpi4h706","cmlsop35q001nvvtsn6deq4cn","0","0","""2026-02-19T01:45:39.100Z""","""2026-02-19T03:22:42.067Z"""
"TN499","Video Production - General","Mason Wilson is a Intermediate (3-5 years) Video Production professional based in Manchester, UK. Available for bookings. ","Manchester, UK","Intermediate (3-5 years)","MALE","54","""1972-12-19T00:00:00.000Z""","182","SLIM","Blue","Dyed","[""Comedy"",""Voice Over"",""Piano"",""Drums""]","[]","/uploads/avatars/TN499.jpg","upload","/uploads/banners/TN499.jpg","upload","#a1511b","[""https://www.youtube.com/watch?v=V-_O7nl0Ii0""]","[]","[{""url"":""https://instagram.com/tn499"",""platform"":""Instagram""}]","NATIVE_AMERICAN",,,"[]",,"true","cmlsmumnn000cvvssxpi4h706","cmlsmumnr000evvssisqanx34","0","0","""2026-02-19T01:45:39.681Z""","""2026-02-19T03:22:42.469Z"""
"TN9673","Video Production - General","Sophia Johnson is a Advanced (6-10 years) Video Production professional based in Berlin, Germany. Available for bookings. ","Berlin, Germany","Advanced (6-10 years)","MALE","38","""1988-10-28T00:00:00.000Z""","170","ATHLETIC","Brown","Grey","[""Choreography"",""Piano"",""Drums"",""Dancing"",""Modeling""]","[]","/uploads/avatars/TN9673.jpg","upload","/uploads/banners/TN9673.jpg","upload","#6d4e96","[""https://www.youtube.com/watch?v=3JZ_D3ELwOQ""]","[]","[{""url"":""https://instagram.com/tn9673"",""platform"":""Instagram""}]","HISPANIC_LATINO",,,"[]",,"true","cmlsmumnn000cvvssxpi4h706","cmlsmumnr000evvssisqanx34","0","0","""2026-02-19T01:45:40.203Z""","""2026-02-19T03:22:43.024Z"""
"TN1698","Directors / Producers","Zoe Brown is a Advanced (6-10 years) Video Production professional based in London, UK. Available for bookings. ","London, UK","Advanced (6-10 years)","NON_BINARY","35","""1991-10-18T23:00:00.000Z""","190","SLIM","Brown","Red","[""Cinematography"",""Guitar"",""Acting"",""Fitness Coaching""]","[]","/uploads/avatars/TN1698.jpg","upload","/uploads/banners/TN1698.jpg","upload","#c7fb69","[""https://www.youtube.com/watch?v=kXYiU_JCYtU""]","[]","[{""url"":""https://instagram.com/tn1698"",""platform"":""Instagram""}]","PREFER_NOT_TO_SAY",,,"[]",,"true","cmlsmumnn000cvvssxpi4h706","cmlsop35f001jvvts0vsdak9n","0","0","""2026-02-19T01:45:40.421Z""","""2026-02-19T03:22:43.156Z"""
"TN8196","Motion Graphics / VFX","Oliver Lee is a Intermediate (3-5 years) Video Production professional based in Los Angeles, USA. Available for bookings. ","Los Angeles, USA","Intermediate (3-5 years)","MALE","41","""1985-12-12T00:00:00.000Z""","178","AVERAGE","Green","Brown","[""Audio Engineering"",""Choreography"",""Dancing""]","[]","/uploads/avatars/TN8196.jpg","upload","/uploads/banners/TN8196.jpg","upload","#a0d815","[""https://www.youtube.com/watch?v=V-_O7nl0Ii0""]","[]","[{""url"":""https://instagram.com/tn8196"",""platform"":""Instagram""}]","MIDDLE_EASTERN",,,"[]",,"true","cmlsmumnn000cvvssxpi4h706","cmlsop35u001pvvtsvtn6w563","0","0","""2026-02-19T01:45:40.636Z""","""2026-02-19T03:22:43.295Z"""
"TN6792","Editors / Post-production","Olivia Martin is a Beginner (0-2 years) Video Production professional based in Berlin, Germany. Available for bookings. ","Berlin, Germany","Beginner (0-2 years)","FEMALE","42","""1984-12-12T00:00:00.000Z""","185","PLUS_SIZE","Hazel","Grey","[""Guitar"",""Choreography"",""Cinematography""]","[]","/uploads/avatars/TN6792.jpg","upload","/uploads/banners/TN6792.jpg","upload","#8bf3b1","[""https://www.youtube.com/watch?v=kXYiU_JCYtU""]","[]","[{""url"":""https://instagram.com/tn6792"",""platform"":""Instagram""}]","PACIFIC_ISLANDER",,,"[]",,"true","cmlsmumnn000cvvssxpi4h706","cmlsop35q001nvvtsn6deq4cn","0","0","""2026-02-19T01:45:40.841Z""","""2026-02-19T03:22:43.435Z"""
"TN9552","Camera / Cinematography","Lucas Johnson is a Advanced (6-10 years) Video Production professional based in Paris, France. Available for bookings. ","Paris, France","Advanced (6-10 years)","FEMALE","32","""1994-06-02T23:00:00.000Z""","159","PLUS_SIZE","Green","Bald","[""Guitar"",""Stunts"",""Dancing"",""Acting"",""Choreography""]","[]","/uploads/avatars/TN9552.jpg","upload","/uploads/banners/TN9552.jpg","upload","#4729de","[""https://www.youtube.com/watch?v=kXYiU_JCYtU""]","[]","[{""url"":""https://instagram.com/tn9552"",""platform"":""Instagram""}]","PACIFIC_ISLANDER",,,"[]",,"true","cmlsmumnn000cvvssxpi4h706","cmlsop35m001lvvts7gngz8u5","0","0","""2026-02-19T01:45:41.065Z""","""2026-02-19T03:22:43.592Z"""
"TN2579","Motion Graphics / VFX","Chloe Lee is a Intermediate (3-5 years) Video Production professional based in Toronto, Canada. Available for bookings. ","Toronto, Canada","Intermediate (3-5 years)","PREFER_NOT_TO_SAY","25","""2001-04-04T23:00:00.000Z""","163","SLIM","Green","Red","[""Editing"",""Stunts"",""Presentation""]","[]","/uploads/avatars/TN2579.jpg","upload","/uploads/banners/TN2579.jpg","upload","#b57827","[""https://www.youtube.com/watch?v=3JZ_D3ELwOQ""]","[]","[{""url"":""https://instagram.com/tn2579"",""platform"":""Instagram""}]","HISPANIC_LATINO",,,"[]",,"true","cmlsmumnn000cvvssxpi4h706","cmlsop35u001pvvtsvtn6w563","0","0","""2026-02-19T01:45:41.176Z""","""2026-02-19T03:22:43.740Z"""
"TN5916","Motion Graphics / VFX","Noah Smith is a Advanced (6-10 years) Video Production professional based in Manchester, UK. Available for bookings. ","Manchester, UK","Advanced (6-10 years)","MALE","19","""2007-03-21T00:00:00.000Z""","189","ATHLETIC","Brown","Brown","[""Comedy"",""Fitness Coaching"",""Acting"",""Modeling"",""Voice Over""]","[]","/uploads/avatars/TN5916.jpg","upload","/uploads/banners/TN5916.jpg","upload","#75c188","[""https://www.youtube.com/watch?v=kXYiU_JCYtU""]","[]","[{""url"":""https://instagram.com/tn5916"",""platform"":""Instagram""}]","WHITE_CAUCASIAN",,,"[]",,"true","cmlsmumnn000cvvssxpi4h706","cmlsop35u001pvvtsvtn6w563","0","0","""2026-02-19T01:45:41.366Z""","""2026-02-19T03:22:43.878Z"""
"TN7894","Editors / Post-production","Zoe Johnson is a Advanced (6-10 years) Video Production professional based in Manchester, UK. Available for bookings. ","Manchester, UK","Advanced (6-10 years)","NON_BINARY","23","""2003-04-26T23:00:00.000Z""","191","PREFER_NOT_TO_SAY","Brown","Blonde","[""Piano"",""Drums"",""Acting"",""Fitness Coaching"",""Voice Over""]","[]","/uploads/avatars/TN7894.jpg","upload","/uploads/banners/TN7894.jpg","upload","#bec640","[""https://www.youtube.com/watch?v=V-_O7nl0Ii0""]","[]","[{""url"":""https://instagram.com/tn7894"",""platform"":""Instagram""}]","PACIFIC_ISLANDER",,,"[]",,"true","cmlsmumnn000cvvssxpi4h706","cmlsop35q001nvvtsn6deq4cn","0","0","""2026-02-19T01:45:41.659Z""","""2026-02-19T03:22:44.019Z"""
"TN1941","Film/TV Acting","Chloe Taylor is a Beginner (0-2 years) Acting & Performance professional based in Los Angeles, USA. Available for bookings. ","Los Angeles, USA","Beginner (0-2 years)","MALE","38","""1988-11-22T00:00:00.000Z""","184","SLIM","Brown","Red","[""Presentation"",""Modeling"",""Drums"",""Cinematography"",""Editing""]","[]","/uploads/avatars/TN1941.jpg","upload","/uploads/banners/TN1941.jpg","upload","#5984e6","[""https://www.youtube.com/watch?v=dQw4w9WgXcQ""]","[]","[{""url"":""https://instagram.com/tn1941"",""platform"":""Instagram""}]","BLACK_AFRICAN",,,"[]",,"true","cmlsmumny000fvvss9yhah8ix","cmlsop3120001vvts9mn73t16","0","0","""2026-02-19T01:45:41.931Z""","""2026-02-19T03:22:44.168Z"""
"TN3014","Voice Acting","Sophia Brown is a Beginner (0-2 years) Acting & Performance professional based in Toronto, Canada. Available for bookings. ","Toronto, Canada","Beginner (0-2 years)","PREFER_NOT_TO_SAY","27","""1999-01-21T00:00:00.000Z""","159","CURVY","Blue","Blonde","[""Acting"",""Drums"",""Modeling"",""Singing""]","[]","/uploads/avatars/TN3014.jpg","upload","/uploads/banners/TN3014.jpg","upload","#b1e784","[""https://www.youtube.com/watch?v=V-_O7nl0Ii0""]","[]","[{""url"":""https://instagram.com/tn3014"",""platform"":""Instagram""}]","MIXED_MULTIRACIAL",,,"[]",,"true","cmlsmumny000fvvss9yhah8ix","cmlsop31u0009vvtsoz1vdx16","0","0","""2026-02-19T01:45:42.378Z""","""2026-02-19T03:22:44.445Z"""
"TN2886","Commercials","Max Lee is a Beginner (0-2 years) Acting & Performance professional based in Los Angeles, USA. Available for bookings. ","Los Angeles, USA","Beginner (0-2 years)","PREFER_NOT_TO_SAY","25","""2001-11-17T00:00:00.000Z""","172","CURVY","Hazel","Black","[""Presentation"",""Guitar"",""Stunts""]","[]","/uploads/avatars/TN2886.jpg","upload","/uploads/banners/TN2886.jpg","upload","#bfddcd","[""https://www.youtube.com/watch?v=V-_O7nl0Ii0""]","[]","[{""url"":""https://instagram.com/tn2886"",""platform"":""Instagram""}]","ASIAN",,,"[]",,"true","cmlsmumny000fvvss9yhah8ix","cmlsop31k0005vvtsanzv4000","0","0","""2026-02-19T01:45:42.556Z""","""2026-02-19T03:22:44.581Z"""
"TN1837","Commercials","Mia Johnson is a Advanced (6-10 years) Acting & Performance professional based in New York, USA. Available for bookings. ","New York, USA","Advanced (6-10 years)","FEMALE","30","""1996-09-26T23:00:00.000Z""","187","SLIM","Amber","Black","[""Voice Over"",""Stunts"",""Cinematography"",""Choreography"",""Acting"",""Guitar""]","[]","/uploads/avatars/TN1837.jpg","upload","/uploads/banners/TN1837.jpg","upload","#b62132","[""https://www.youtube.com/watch?v=dQw4w9WgXcQ""]","[]","[{""url"":""https://instagram.com/tn1837"",""platform"":""Instagram""}]","NATIVE_AMERICAN",,,"[]",,"true","cmlsmumny000fvvss9yhah8ix","cmlsop31k0005vvtsanzv4000","0","0","""2026-02-19T01:45:42.946Z""","""2026-02-19T03:22:44.864Z"""
"TN4637","Extras / Background","Isla Taylor is a Advanced (6-10 years) Acting & Performance professional based in New York, USA. Available for bookings. ","New York, USA","Advanced (6-10 years)","MALE","55","""1971-06-16T23:00:00.000Z""","195","PLUS_SIZE","Green","Black","[""Modeling"",""Acting"",""Presentation"",""Guitar"",""Choreography""]","[]","/uploads/avatars/TN4637.jpg","upload","/uploads/banners/TN4637.jpg","upload","#77adf3","[""https://www.youtube.com/watch?v=3JZ_D3ELwOQ""]","[]","[{""url"":""https://instagram.com/tn4637"",""platform"":""Instagram""}]","NATIVE_AMERICAN",,,"[]",,"true","cmlsmumny000fvvss9yhah8ix","cmlsop31p0007vvts8d5ry5g7","0","0","""2026-02-19T01:45:43.167Z""","""2026-02-19T03:22:44.998Z"""
"TN4110","Film/TV Acting","Isla Lee is a Advanced (6-10 years) Acting & Performance professional based in London, UK. Available for bookings. ","London, UK","Advanced (6-10 years)","PREFER_NOT_TO_SAY","40","""1986-02-12T00:00:00.000Z""","178","PREFER_NOT_TO_SAY","Grey","Dyed","[""Modeling"",""Presentation"",""Stunts""]","[]","/uploads/avatars/TN4110.jpg","upload","/uploads/banners/TN4110.jpg","upload","#8f0e50","[""https://www.youtube.com/watch?v=3JZ_D3ELwOQ""]","[]","[{""url"":""https://instagram.com/tn4110"",""platform"":""Instagram""}]","MIXED_MULTIRACIAL",,,"[]",,"true","cmlsmumny000fvvss9yhah8ix","cmlsop3120001vvts9mn73t16","0","0","""2026-02-19T01:45:43.360Z""","""2026-02-19T03:22:45.130Z"""
"TN5571","Voice Acting","Lucas Brown is a Beginner (0-2 years) Acting & Performance professional based in Berlin, Germany. Available for bookings. ","Berlin, Germany","Beginner (0-2 years)","PREFER_NOT_TO_SAY","30","""1996-04-05T23:00:00.000Z""","188","CURVY","Grey","Black","[""Singing"",""Audio Engineering"",""Choreography""]","[]","/uploads/avatars/TN5571.jpg","upload","/uploads/banners/TN5571.jpg","upload","#bbc43b","[""https://www.youtube.com/watch?v=V-_O7nl0Ii0""]","[]","[{""url"":""https://instagram.com/tn5571"",""platform"":""Instagram""}]","ASIAN",,,"[]",,"true","cmlsmumny000fvvss9yhah8ix","cmlsop31u0009vvtsoz1vdx16","0","0","""2026-02-19T01:45:43.455Z""","""2026-02-19T03:22:45.268Z"""
"TN6658","Extras / Background","Amelia Martin is a Beginner (0-2 years) Acting & Performance professional based in Berlin, Germany. Available for bookings. ","Berlin, Germany","Beginner (0-2 years)","NON_BINARY","51","""1975-09-23T23:00:00.000Z""","169","SLIM","Hazel","Dyed","[""Piano"",""Presentation"",""Fitness Coaching"",""Editing""]","[]","/uploads/avatars/TN6658.jpg","upload","/uploads/banners/TN6658.jpg","upload","#ae1a9a","[""https://www.youtube.com/watch?v=3JZ_D3ELwOQ""]","[]","[{""url"":""https://instagram.com/tn6658"",""platform"":""Instagram""}]","NATIVE_AMERICAN",,,"[]",,"true","cmlsmumny000fvvss9yhah8ix","cmlsop31p0007vvts8d5ry5g7","0","0","""2026-02-19T01:45:43.731Z""","""2026-02-19T03:22:45.399Z"""
"TN9857","Commercials","Mason Wilson is a Intermediate (3-5 years) Acting & Performance professional based in Manchester, UK. Available for bookings. ","Manchester, UK","Intermediate (3-5 years)","MALE","48","""1978-01-18T00:00:00.000Z""","159","SLIM","Amber","Dyed","[""Piano"",""Audio Engineering"",""Acting""]","[]","/uploads/avatars/TN9857.jpg","upload","/uploads/banners/TN9857.jpg","upload","#471102","[""https://www.youtube.com/watch?v=kXYiU_JCYtU""]","[]","[{""url"":""https://instagram.com/tn9857"",""platform"":""Instagram""}]","ASIAN",,,"[]",,"true","cmlsmumny000fvvss9yhah8ix","cmlsop31k0005vvtsanzv4000","0","0","""2026-02-19T01:45:44.026Z""","""2026-02-19T03:22:45.733Z"""
"TN6281","Voice Acting","Sophia Robinson is a Advanced (6-10 years) Acting & Performance professional based in Sydney, Australia. Available for bookings. ","Sydney, Australia","Advanced (6-10 years)","FEMALE","48","""1978-05-07T23:00:00.000Z""","177","CURVY","Blue","Black","[""Voice Over"",""Acting"",""Fitness Coaching"",""Choreography""]","[]","/uploads/avatars/TN6281.jpg","upload","/uploads/banners/TN6281.jpg","upload","#6e7ca6","[""https://www.youtube.com/watch?v=3JZ_D3ELwOQ""]","[]","[{""url"":""https://instagram.com/tn6281"",""platform"":""Instagram""}]","WHITE_CAUCASIAN",,,"[]",,"true","cmlsmumny000fvvss9yhah8ix","cmlsop31u0009vvtsoz1vdx16","0","0","""2026-02-19T01:45:44.386Z""","""2026-02-19T03:22:45.875Z"""
"TN8874","Acting & Performance - General","Noah Martin is a Expert (10+ years) Acting & Performance professional based in Los Angeles, USA. Available for bookings. ","Los Angeles, USA","Expert (10+ years)","MALE","27","""1999-05-05T23:00:00.000Z""","161","PLUS_SIZE","Grey","Black","[""Editing"",""Acting"",""Singing"",""Voice Over"",""Presentation"",""Modeling""]","[]","/uploads/avatars/TN8874.jpg","upload","/uploads/banners/TN8874.jpg","upload","#624a37","[""https://www.youtube.com/watch?v=V-_O7nl0Ii0""]","[]","[{""url"":""https://instagram.com/tn8874"",""platform"":""Instagram""}]","BLACK_AFRICAN",,,"[]",,"true","cmlsmumny000fvvss9yhah8ix","cmlsmumo4000hvvssei459fz4","0","0","""2026-02-19T01:45:44.606Z""","""2026-02-19T03:22:46.014Z"""
"TN6514","Acting & Performance - General","Olivia Taylor is a Expert (10+ years) Acting & Performance professional based in Berlin, Germany. Available for bookings. ","Berlin, Germany","Expert (10+ years)","PREFER_NOT_TO_SAY","22","""2004-03-09T00:00:00.000Z""","181","AVERAGE","Grey","Black","[""Piano"",""Modeling"",""Choreography""]","[]","/uploads/avatars/TN6514.jpg","upload","/uploads/banners/TN6514.jpg","upload","#8055a0","[""https://www.youtube.com/watch?v=dQw4w9WgXcQ""]","[]","[{""url"":""https://instagram.com/tn6514"",""platform"":""Instagram""}]","NATIVE_AMERICAN",,,"[]",,"true","cmlsmumny000fvvss9yhah8ix","cmlsmumo4000hvvssei459fz4","0","0","""2026-02-19T01:45:45.046Z""","""2026-02-19T03:22:46.334Z"""
"TN8059","Commercials","Amelia Johnson is a Expert (10+ years) Acting & Performance professional based in London, UK. Available for bookings. ","London, UK","Expert (10+ years)","MALE","19","""2007-12-06T00:00:00.000Z""","172","PLUS_SIZE","Amber","Dyed","[""Presentation"",""Stunts"",""Comedy"",""Drums""]","[]","/uploads/avatars/TN8059.jpg","upload","/uploads/banners/TN8059.jpg","upload","#4cd8d1","[""https://www.youtube.com/watch?v=3JZ_D3ELwOQ""]","[]","[{""url"":""https://instagram.com/tn8059"",""platform"":""Instagram""}]","ASIAN",,,"[]",,"true","cmlsmumny000fvvss9yhah8ix","cmlsop31k0005vvtsanzv4000","0","0","""2026-02-19T01:45:45.294Z""","""2026-02-19T03:22:46.489Z"""
"TN3101","Theatre","Chloe Clark is a Intermediate (3-5 years) Acting & Performance professional based in Paris, France. Available for bookings. ","Paris, France","Intermediate (3-5 years)","MALE","35","""1991-06-03T23:00:00.000Z""","195","AVERAGE","Green","Blonde","[""Fitness Coaching"",""Audio Engineering"",""Modeling""]","[]","/uploads/avatars/TN3101.jpg","upload","/uploads/banners/TN3101.jpg","upload","#6f390c","[""https://www.youtube.com/watch?v=kXYiU_JCYtU""]","[]","[{""url"":""https://instagram.com/tn3101"",""platform"":""Instagram""}]","PACIFIC_ISLANDER",,,"[]",,"true","cmlsmumny000fvvss9yhah8ix","cmlsop31f0003vvtspm2q2o52","0","0","""2026-02-19T01:45:45.724Z""","""2026-02-19T03:22:46.779Z"""
"TN2944","Dancing & Choreography - General","Grace Walker is a Expert (10+ years) Dancing & Choreography professional based in Los Angeles, USA. Available for bookings. ","Los Angeles, USA","Expert (10+ years)","FEMALE","48","""1978-06-10T23:00:00.000Z""","175","SLIM","Green","Dyed","[""Audio Engineering"",""Presentation"",""Piano"",""Dancing"",""Modeling"",""Voice Over""]","[]","/uploads/avatars/TN2944.jpg","upload","/uploads/banners/TN2944.jpg","upload","#a22876","[""https://www.youtube.com/watch?v=kXYiU_JCYtU""]","[]","[{""url"":""https://instagram.com/tn2944"",""platform"":""Instagram""}]","ASIAN",,,"[]",,"true","cmlsmumok000lvvss9rzdtku1","cmlsmumop000nvvssufc05sgl","0","0","""2026-02-19T01:45:46.049Z""","""2026-02-19T03:22:46.920Z"""
"TN4643","Sports & Fitness - General","Chloe Martin is a Intermediate (3-5 years) Sports & Fitness professional based in Paris, France. Available for bookings. ","Paris, France","Intermediate (3-5 years)","MALE","24","""2002-11-02T00:00:00.000Z""","173","PREFER_NOT_TO_SAY","Blue","Bald","[""Dancing"",""Singing"",""Piano"",""Editing""]","[]","/uploads/avatars/TN4643.jpg","upload","/uploads/banners/TN4643.jpg","upload","#615a9b","[""https://www.youtube.com/watch?v=V-_O7nl0Ii0""]","[]","[{""url"":""https://instagram.com/tn4643"",""platform"":""Instagram""}]","ASIAN",,,"[]",,"true","cmlsmump5000rvvssaapbs2qv","cmlsmump9000tvvssqfi9q5vs","0","0","""2026-02-19T01:45:46.322Z""","""2026-02-19T03:22:47.067Z"""
"TN7852","Sports Models / Athletes","Chloe Clark is a Advanced (6-10 years) Sports & Fitness professional based in Sydney, Australia. Available for bookings. ","Sydney, Australia","Advanced (6-10 years)","FEMALE","41","""1985-06-27T23:00:00.000Z""","160","ATHLETIC","Amber","Grey","[""Dancing"",""Audio Engineering"",""Stunts"",""Presentation""]","[]","/uploads/avatars/TN7852.jpg","upload","/uploads/banners/TN7852.jpg","upload","#a4a53a","[""https://www.youtube.com/watch?v=kXYiU_JCYtU""]","[]","[{""url"":""https://instagram.com/tn7852"",""platform"":""Instagram""}]","PREFER_NOT_TO_SAY",,,"[]",,"true","cmlsmump5000rvvssaapbs2qv","cmlsop35b001hvvts18ym9vd6","0","0","""2026-02-19T01:45:46.499Z""","""2026-02-19T03:22:47.473Z"""
"TN6476","Dancers (fitness)","Mason Clark is a Beginner (0-2 years) Sports & Fitness professional based in Manchester, UK. Available for bookings. ","Manchester, UK","Beginner (0-2 years)","MALE","30","""1996-12-07T00:00:00.000Z""","185","CURVY","Blue","Red","[""Acting"",""Piano"",""Fitness Coaching""]","[]","/uploads/avatars/TN6476.jpg","upload","/uploads/banners/TN6476.jpg","upload","#7dcc77","[""https://www.youtube.com/watch?v=V-_O7nl0Ii0""]","[]","[{""url"":""https://instagram.com/tn6476"",""platform"":""Instagram""}]","MIXED_MULTIRACIAL",,,"[]",,"true","cmlsmump5000rvvssaapbs2qv","cmlsop356001fvvtsqq9pxp3q","0","0","""2026-02-19T01:45:46.694Z""","""2026-02-19T03:22:47.615Z"""
"TN9509","Sports & Fitness - General","Hugo Walker is a Expert (10+ years) Sports & Fitness professional based in Berlin, Germany. Available for bookings. ","Berlin, Germany","Expert (10+ years)","FEMALE","27","""1999-01-18T00:00:00.000Z""","164","AVERAGE","Grey","Black","[""Choreography"",""Stunts"",""Modeling"",""Fitness Coaching"",""Drums"",""Editing""]","[]","/uploads/avatars/TN9509.jpg","upload","/uploads/banners/TN9509.jpg","upload","#686913","[""https://www.youtube.com/watch?v=3JZ_D3ELwOQ""]","[]","[{""url"":""https://instagram.com/tn9509"",""platform"":""Instagram""}]","NATIVE_AMERICAN",,,"[]",,"true","cmlsmump5000rvvssaapbs2qv","cmlsmump9000tvvssqfi9q5vs","0","0","""2026-02-19T01:45:46.901Z""","""2026-02-19T03:22:47.745Z"""
"TN1604","Stand-up","Lucas Smith is a Intermediate (3-5 years) Comedy professional based in Manchester, UK. Available for bookings. ","Manchester, UK","Intermediate (3-5 years)","MALE","27","""1999-02-11T00:00:00.000Z""","177","ATHLETIC","Blue","Dyed","[""Voice Over"",""Guitar"",""Presentation"",""Choreography"",""Piano"",""Comedy""]","[]","/uploads/avatars/TN1604.jpg","upload","/uploads/banners/TN1604.jpg","upload","#5c6e78","[""https://www.youtube.com/watch?v=dQw4w9WgXcQ""]","[]","[{""url"":""https://instagram.com/tn1604"",""platform"":""Instagram""}]","MIDDLE_EASTERN",,,"[]",,"true","cmlsmumqb0013vvsso267bmcf","cmlsop31y000bvvtsib1tbzoy","0","0","""2026-02-19T01:45:47.316Z""","""2026-02-19T03:22:47.876Z"""
"TN5713","Sketch Comedy","Ava Walker is a Intermediate (3-5 years) Comedy professional based in New York, USA. Available for bookings. ","New York, USA","Intermediate (3-5 years)","FEMALE","49","""1977-08-27T23:00:00.000Z""","167","MUSCULAR","Amber","Grey","[""Comedy"",""Modeling"",""Cinematography""]","[]","/uploads/avatars/TN5713.jpg","upload","/uploads/banners/TN5713.jpg","upload","#79a104","[""https://www.youtube.com/watch?v=V-_O7nl0Ii0""]","[]","[{""url"":""https://instagram.com/tn5713"",""platform"":""Instagram""}]","PREFER_NOT_TO_SAY",,,"[]",,"true","cmlsmumqb0013vvsso267bmcf","cmlsop326000dvvtsjmlehzfo","0","0","""2026-02-19T01:45:47.495Z""","""2026-02-19T03:22:48.017Z"""
"TN1213","Musicians (Instrumental)","Liam Lee is a Beginner (0-2 years) Music & Audio professional based in Sydney, Australia. Available for bookings. ","Sydney, Australia","Beginner (0-2 years)","NON_BINARY","48","""1978-01-28T00:00:00.000Z""","178","AVERAGE","Amber","Blonde","[""Dancing"",""Presentation"",""Comedy"",""Voice Over""]","[]","/uploads/avatars/TN1213.jpg","upload","/uploads/banners/TN1213.jpg","upload","#453739","[""https://www.youtube.com/watch?v=3JZ_D3ELwOQ""]","[]","[{""url"":""https://instagram.com/tn1213"",""platform"":""Instagram""}]","HISPANIC_LATINO",,,"[]",,"true","cmlsmumnc0009vvssleo3ucjr","cmlsop3470013vvtsafcl2g69","0","0","""2026-02-19T01:45:34.100Z""","""2026-02-19T03:22:23.167Z"""
"TN5582","Vocalists / Singers","Logan Smith is a Expert (10+ years) Music & Audio professional based in Berlin, Germany. Available for bookings. ","Berlin, Germany","Expert (10+ years)","NON_BINARY","43","""1983-08-01T23:00:00.000Z""","160","CURVY","Green","Grey","[""Dancing"",""Fitness Coaching"",""Stunts"",""Audio Engineering""]","[]","/uploads/avatars/TN5582.jpg","upload","/uploads/banners/TN5582.jpg","upload","#70c314","[""https://www.youtube.com/watch?v=dQw4w9WgXcQ""]","[]","[{""url"":""https://instagram.com/tn5582"",""platform"":""Instagram""}]","HISPANIC_LATINO",,,"[]",,"true","cmlsmumnc0009vvssleo3ucjr","cmlsop34c0015vvts7dfwk3dh","0","0","""2026-02-19T01:45:34.558Z""","""2026-02-19T03:22:23.705Z"""
"TN9867","Composers / Arrangers","James Robinson is a Intermediate (3-5 years) Music & Audio professional based in Manchester, UK. Available for bookings. ","Manchester, UK","Intermediate (3-5 years)","MALE","50","""1976-02-25T00:00:00.000Z""","167","CURVY","Grey","Brown","[""Choreography"",""Audio Engineering"",""Drums"",""Editing"",""Modeling""]","[]","/uploads/avatars/TN9867.jpg","upload","/uploads/banners/TN9867.jpg","upload","#c49b53","[""https://www.youtube.com/watch?v=dQw4w9WgXcQ""]","[]","[{""url"":""https://instagram.com/tn9867"",""platform"":""Instagram""}]","HISPANIC_LATINO",,,"[]",,"true","cmlsmumnc0009vvssleo3ucjr","cmlsop34u001bvvts7umvrfn9","0","0","""2026-02-19T01:45:36.749Z""","""2026-02-19T03:22:26.015Z"""
"TN5836","Motion Graphics / VFX","Logan Smith is a Intermediate (3-5 years) Video Production professional based in Los Angeles, USA. Available for bookings. ","Los Angeles, USA","Intermediate (3-5 years)","NON_BINARY","36","""1990-10-13T23:00:00.000Z""","178","AVERAGE","Green","Black","[""Cinematography"",""Guitar"",""Fitness Coaching"",""Comedy"",""Editing""]","[]","/uploads/avatars/TN5836.jpg","upload","/uploads/banners/TN5836.jpg","upload","#604aff","[""https://www.youtube.com/watch?v=V-_O7nl0Ii0""]","[]","[{""url"":""https://instagram.com/tn5836"",""platform"":""Instagram""}]","ASIAN",,,"[]",,"true","cmlsmumnn000cvvssxpi4h706","cmlsop35u001pvvtsvtn6w563","0","0","""2026-02-19T01:45:38.978Z""","""2026-02-19T03:22:27.911Z"""
"TN3801","Camera / Cinematography","Max Walker is a Advanced (6-10 years) Video Production professional based in London, UK. Available for bookings. ","London, UK","Advanced (6-10 years)","FEMALE","55","""1971-04-23T23:00:00.000Z""","190","ATHLETIC","Amber","Blonde","[""Fitness Coaching"",""Guitar"",""Cinematography"",""Presentation""]","[]","/uploads/avatars/TN3801.jpg","upload","/uploads/banners/TN3801.jpg","upload","#7f24d5","[""https://www.youtube.com/watch?v=dQw4w9WgXcQ""]","[]","[{""url"":""https://instagram.com/tn3801"",""platform"":""Instagram""}]","MIDDLE_EASTERN",,,"[]",,"true","cmlsmumnn000cvvssxpi4h706","cmlsop35m001lvvts7gngz8u5","0","0","""2026-02-19T01:45:40.945Z""","""2026-02-19T03:22:29.899Z"""
"TN6768","Directors / Producers","Amelia Walker is a Expert (10+ years) Video Production professional based in Berlin, Germany. Available for bookings. ","Berlin, Germany","Expert (10+ years)","NON_BINARY","52","""1974-06-20T23:00:00.000Z""","191","ATHLETIC","Amber","Brown","[""Audio Engineering"",""Editing"",""Modeling"",""Comedy""]","[]","/uploads/avatars/TN6768.jpg","upload","/uploads/banners/TN6768.jpg","upload","#8c04b9","[""https://www.youtube.com/watch?v=3JZ_D3ELwOQ""]","[]","[{""url"":""https://instagram.com/tn6768"",""platform"":""Instagram""}]","ASIAN",,,"[]",,"true","cmlsmumnn000cvvssxpi4h706","cmlsop35f001jvvts0vsdak9n","0","0","""2026-02-19T01:45:41.271Z""","""2026-02-19T03:22:30.034Z"""
"TN6318","Acting & Performance - General","Max Smith is a Beginner (0-2 years) Acting & Performance professional based in Toronto, Canada. Available for bookings. ","Toronto, Canada","Beginner (0-2 years)","FEMALE","45","""1981-11-26T00:00:00.000Z""","177","ATHLETIC","Amber","Dyed","[""Piano"",""Comedy"",""Fitness Coaching"",""Choreography"",""Modeling""]","[]","/uploads/avatars/TN6318.jpg","upload","/uploads/banners/TN6318.jpg","upload","#5d862b","[""https://www.youtube.com/watch?v=3JZ_D3ELwOQ""]","[]","[{""url"":""https://instagram.com/tn6318"",""platform"":""Instagram""}]","HISPANIC_LATINO",,,"[]",,"true","cmlsmumny000fvvss9yhah8ix","cmlsmumo4000hvvssei459fz4","0","0","""2026-02-19T01:45:43.057Z""","""2026-02-19T03:22:31.576Z"""
"TN4505","Extras / Background","Olivia Johnson is a Beginner (0-2 years) Acting & Performance professional based in Manchester, UK. Available for bookings. ","Manchester, UK","Beginner (0-2 years)","PREFER_NOT_TO_SAY","54","""1972-02-21T00:00:00.000Z""","184","PLUS_SIZE","Grey","Dyed","[""Modeling"",""Fitness Coaching"",""Editing"",""Drums"",""Singing""]","[]","/uploads/avatars/TN4505.jpg","upload","/uploads/banners/TN4505.jpg","upload","#9c07f6","[""https://www.youtube.com/watch?v=dQw4w9WgXcQ""]","[]","[{""url"":""https://instagram.com/tn4505"",""platform"":""Instagram""}]","MIXED_MULTIRACIAL",,,"[]",,"true","cmlsmumny000fvvss9yhah8ix","cmlsop31p0007vvts8d5ry5g7","0","0","""2026-02-19T01:45:43.551Z""","""2026-02-19T03:22:32.025Z"""
"TN5430","Commercial / Catalogue","Max Robinson is a Expert (10+ years) Modeling professional based in New York, USA. Available for bookings. ","New York, USA","Expert (10+ years)","FEMALE","55","""1971-01-01T23:00:00.000Z""","191","PREFER_NOT_TO_SAY","Brown","Black","[""Voice Over"",""Stunts"",""Audio Engineering""]","[]","/uploads/avatars/TN5430.jpg","upload","/uploads/banners/TN5430.jpg","upload","#7685b9","[""https://www.youtube.com/watch?v=dQw4w9WgXcQ""]","[]","[{""url"":""https://instagram.com/tn5430"",""platform"":""Instagram""}]","HISPANIC_LATINO",,,"[]",,"true","cmlsmumo9000ivvss5hugjwpq","cmlsop33g000vvvtswthisast","0","0","""2026-02-19T01:45:45.896Z""","""2026-02-19T03:22:34.164Z"""
"TN1061","Commercial VO","Isla Johnson is a Beginner (0-2 years) Voice Over & Dubbing professional based in Berlin, Germany. Available for bookings. ","Berlin, Germany","Beginner (0-2 years)","FEMALE","51","""1975-01-14T00:00:00.000Z""","186","MUSCULAR","Hazel","Black","[""Singing"",""Audio Engineering"",""Choreography"",""Editing""]","[]","/uploads/avatars/TN1061.jpg","upload","/uploads/banners/TN1061.jpg","upload","#5bb836","[""https://www.youtube.com/watch?v=3JZ_D3ELwOQ""]","[]","[{""url"":""https://instagram.com/tn1061"",""platform"":""Instagram""}]","ASIAN",,,"[]",,"true","cmlsmumkc0000vvss6oz86hbr","cmlsop360001rvvtsn5u55344","0","0","""2026-02-19T01:45:32.099Z""","""2026-02-19T03:22:34.310Z"""
"TN6029","Commercial VO","Oliver Wilson is a Intermediate (3-5 years) Voice Over & Dubbing professional based in Berlin, Germany. Available for bookings. ","Berlin, Germany","Intermediate (3-5 years)","MALE","29","""1997-11-19T00:00:00.000Z""","185","SLIM","Blue","Red","[""Singing"",""Audio Engineering"",""Fitness Coaching""]","[]","/uploads/avatars/TN6029.jpg","upload","/uploads/banners/TN6029.jpg","upload","#931245","[""https://www.youtube.com/watch?v=dQw4w9WgXcQ""]","[]","[{""url"":""https://instagram.com/tn6029"",""platform"":""Instagram""}]","NATIVE_AMERICAN",,,"[]",,"true","cmlsmumkc0000vvss6oz86hbr","cmlsop360001rvvtsn5u55344","0","0","""2026-02-19T01:45:32.298Z""","""2026-02-19T03:22:34.502Z"""
"TN1809","Dubbing / ADR","Logan Brown is a Advanced (6-10 years) Voice Over & Dubbing professional based in London, UK. Available for bookings. ","London, UK","Advanced (6-10 years)","FEMALE","37","""1989-07-24T23:00:00.000Z""","162","MUSCULAR","Green","Dyed","[""Acting"",""Modeling"",""Dancing"",""Stunts"",""Drums"",""Comedy""]","[]","/uploads/avatars/TN1809.jpg","upload","/uploads/banners/TN1809.jpg","upload","#b0fd23","[""https://www.youtube.com/watch?v=dQw4w9WgXcQ""]","[]","[{""url"":""https://instagram.com/tn1809"",""platform"":""Instagram""}]","PREFER_NOT_TO_SAY",,,"[]",,"true","cmlsmumkc0000vvss6oz86hbr","cmlsop36g001xvvtsp3fqgt8r","0","0","""2026-02-19T01:45:32.699Z""","""2026-02-19T03:22:36.675Z"""
"TN2364","Voice Over & Dubbing - General","Sophia Martin is a Expert (10+ years) Voice Over & Dubbing professional based in Manchester, UK. Available for bookings. ","Manchester, UK","Expert (10+ years)","MALE","46","""1980-05-17T23:00:00.000Z""","193","AVERAGE","Amber","Grey","[""Choreography"",""Drums"",""Singing"",""Presentation"",""Acting"",""Voice Over""]","[]","/uploads/avatars/TN2364.jpg","upload","/uploads/banners/TN2364.jpg","upload","#c35144","[""https://www.youtube.com/watch?v=3JZ_D3ELwOQ""]","[]","[{""url"":""https://instagram.com/tn2364"",""platform"":""Instagram""}]","PACIFIC_ISLANDER",,,"[]",,"true","cmlsmumkc0000vvss6oz86hbr","cmlsmumm60002vvssky7ff7s4","0","0","""2026-02-19T01:45:32.883Z""","""2026-02-19T03:22:36.819Z"""
"TN4820","Musicians (Instrumental)","Max Clark is a Advanced (6-10 years) Music & Audio professional based in Toronto, Canada. Available for bookings. ","Toronto, Canada","Advanced (6-10 years)","MALE","35","""1991-04-11T23:00:00.000Z""","194","MUSCULAR","Amber","Brown","[""Dancing"",""Piano"",""Presentation""]","[]","/uploads/avatars/TN4820.jpg","upload","/uploads/banners/TN4820.jpg","upload","#53d53d","[""https://www.youtube.com/watch?v=dQw4w9WgXcQ""]","[]","[{""url"":""https://instagram.com/tn4820"",""platform"":""Instagram""}]","WHITE_CAUCASIAN",,,"[]",,"true","cmlsmumnc0009vvssleo3ucjr","cmlsop3470013vvtsafcl2g69","0","0","""2026-02-19T01:45:35.031Z""","""2026-02-19T03:22:38.473Z"""
"TN7059","Music & Audio - General","Logan Lee is a Advanced (6-10 years) Music & Audio professional based in London, UK. Available for bookings. ","London, UK","Advanced (6-10 years)","FEMALE","21","""2005-04-26T23:00:00.000Z""","164","MUSCULAR","Hazel","Brown","[""Singing"",""Editing"",""Comedy""]","[]","/uploads/avatars/TN7059.jpg","upload","/uploads/banners/TN7059.jpg","upload","#b775a8","[""https://www.youtube.com/watch?v=V-_O7nl0Ii0""]","[]","[{""url"":""https://instagram.com/tn7059"",""platform"":""Instagram""}]","MIXED_MULTIRACIAL",,,"[]",,"true","cmlsmumnc0009vvssleo3ucjr","cmlsmumni000bvvss1ybhokqo","0","0","""2026-02-19T01:45:35.594Z""","""2026-02-19T03:22:38.921Z"""
"TN5592","Vocalists / Singers","Lucas Brown is a Expert (10+ years) Music & Audio professional based in Toronto, Canada. Available for bookings. ","Toronto, Canada","Expert (10+ years)","MALE","27","""1999-11-12T00:00:00.000Z""","160","SLIM","Amber","Black","[""Stunts"",""Drums"",""Guitar""]","[]","/uploads/avatars/TN5592.jpg","upload","/uploads/banners/TN5592.jpg","upload","#ab4d3b","[""https://www.youtube.com/watch?v=V-_O7nl0Ii0""]","[]","[{""url"":""https://instagram.com/tn5592"",""platform"":""Instagram""}]","PACIFIC_ISLANDER",,,"[]",,"true","cmlsmumnc0009vvssleo3ucjr","cmlsop34c0015vvts7dfwk3dh","0","0","""2026-02-19T01:45:37.227Z""","""2026-02-19T03:22:40.332Z"""
"TN5115","Music & Audio - General","Mia Martin is a Advanced (6-10 years) Music & Audio professional based in Manchester, UK. Available for bookings. ","Manchester, UK","Advanced (6-10 years)","NON_BINARY","27","""1999-03-27T00:00:00.000Z""","187","AVERAGE","Grey","Brown","[""Comedy"",""Singing"",""Guitar"",""Presentation"",""Stunts""]","[]","/uploads/avatars/TN5115.jpg","upload","/uploads/banners/TN5115.jpg","upload","#a8d56f","[""https://www.youtube.com/watch?v=kXYiU_JCYtU""]","[]","[{""url"":""https://instagram.com/tn5115"",""platform"":""Instagram""}]","NATIVE_AMERICAN",,,"[]",,"true","cmlsmumnc0009vvssleo3ucjr","cmlsmumni000bvvss1ybhokqo","0","0","""2026-02-19T01:45:37.409Z""","""2026-02-19T03:22:40.474Z"""
"TN4655","Motion Graphics / VFX","Ethan Wilson is a Intermediate (3-5 years) Video Production professional based in Paris, France. Available for bookings. ","Paris, France","Intermediate (3-5 years)","FEMALE","55","""1971-04-26T23:00:00.000Z""","192","SLIM","Hazel","Brown","[""Editing"",""Fitness Coaching"",""Modeling"",""Acting"",""Singing"",""Choreography""]","[]","/uploads/avatars/TN4655.jpg","upload","/uploads/banners/TN4655.jpg","upload","#835ee7","[""https://www.youtube.com/watch?v=V-_O7nl0Ii0""]","[]","[{""url"":""https://instagram.com/tn4655"",""platform"":""Instagram""}]","MIXED_MULTIRACIAL",,,"[]",,"true","cmlsmumnn000cvvssxpi4h706","cmlsop35u001pvvtsvtn6w563","0","0","""2026-02-19T01:45:39.281Z""","""2026-02-19T03:22:42.201Z"""
"TN6941","Camera / Cinematography","Noah Robinson is a Intermediate (3-5 years) Video Production professional based in New York, USA. Available for bookings. ","New York, USA","Intermediate (3-5 years)","MALE","53","""1973-05-03T23:00:00.000Z""","184","SLIM","Amber","Grey","[""Dancing"",""Fitness Coaching"",""Piano"",""Presentation""]","[]","/uploads/avatars/TN6941.jpg","upload","/uploads/banners/TN6941.jpg","upload","#88bf65","[""https://www.youtube.com/watch?v=V-_O7nl0Ii0""]","[]","[{""url"":""https://instagram.com/tn6941"",""platform"":""Instagram""}]","WHITE_CAUCASIAN",,,"[]",,"true","cmlsmumnn000cvvssxpi4h706","cmlsop35m001lvvts7gngz8u5","0","0","""2026-02-19T01:45:39.459Z""","""2026-02-19T03:22:42.334Z"""
"TN8974","Video Production - General","Chloe Smith is a Intermediate (3-5 years) Video Production professional based in New York, USA. Available for bookings. ","New York, USA","Intermediate (3-5 years)","FEMALE","35","""1991-04-17T23:00:00.000Z""","193","PLUS_SIZE","Brown","Red","[""Modeling"",""Guitar"",""Cinematography""]","[]","/uploads/avatars/TN8974.jpg","upload","/uploads/banners/TN8974.jpg","upload","#4ee686","[""https://www.youtube.com/watch?v=kXYiU_JCYtU""]","[]","[{""url"":""https://instagram.com/tn8974"",""platform"":""Instagram""}]","PACIFIC_ISLANDER",,,"[]",,"true","cmlsmumnn000cvvssxpi4h706","cmlsmumnr000evvssisqanx34","0","0","""2026-02-19T01:45:39.951Z""","""2026-02-19T03:22:42.878Z"""
"TN8890","Voice Acting","Oliver Wilson is a Advanced (6-10 years) Acting & Performance professional based in Sydney, Australia. Available for bookings. ","Sydney, Australia","Advanced (6-10 years)","MALE","54","""1972-05-16T23:00:00.000Z""","174","MUSCULAR","Amber","Red","[""Acting"",""Guitar"",""Voice Over"",""Singing""]","[]","/uploads/avatars/TN8890.jpg","upload","/uploads/banners/TN8890.jpg","upload","#55ecad","[""https://www.youtube.com/watch?v=kXYiU_JCYtU""]","[]","[{""url"":""https://instagram.com/tn8890"",""platform"":""Instagram""}]","HISPANIC_LATINO",,,"[]",,"true","cmlsmumny000fvvss9yhah8ix","cmlsop31u0009vvtsoz1vdx16","0","0","""2026-02-19T01:45:42.168Z""","""2026-02-19T03:22:44.311Z"""
"TN5632","Extras / Background","Chloe Wilson is a Expert (10+ years) Acting & Performance professional based in Los Angeles, USA. Available for bookings. ","Los Angeles, USA","Expert (10+ years)","FEMALE","39","""1987-07-07T23:00:00.000Z""","189","MUSCULAR","Hazel","Black","[""Singing"",""Choreography"",""Comedy""]","[]","/uploads/avatars/TN5632.jpg","upload","/uploads/banners/TN5632.jpg","upload","#73103d","[""https://www.youtube.com/watch?v=kXYiU_JCYtU""]","[]","[{""url"":""https://instagram.com/tn5632"",""platform"":""Instagram""}]","ASIAN",,,"[]",,"true","cmlsmumny000fvvss9yhah8ix","cmlsop31p0007vvts8d5ry5g7","0","0","""2026-02-19T01:45:42.762Z""","""2026-02-19T03:22:44.722Z"""
"TN1615","Extras / Background","Ella Taylor is a Expert (10+ years) Acting & Performance professional based in Manchester, UK. Available for bookings. ","Manchester, UK","Expert (10+ years)","PREFER_NOT_TO_SAY","30","""1996-11-22T00:00:00.000Z""","163","PLUS_SIZE","Blue","Dyed","[""Acting"",""Cinematography"",""Stunts"",""Drums"",""Piano"",""Comedy""]","[]","/uploads/avatars/TN1615.jpg","upload","/uploads/banners/TN1615.jpg","upload","#69d5cb","[""https://www.youtube.com/watch?v=dQw4w9WgXcQ""]","[]","[{""url"":""https://instagram.com/tn1615"",""platform"":""Instagram""}]","HISPANIC_LATINO",,,"[]",,"true","cmlsmumny000fvvss9yhah8ix","cmlsop31p0007vvts8d5ry5g7","0","0","""2026-02-19T01:45:44.832Z""","""2026-02-19T03:22:46.158Z"""
"TN1326","Theatre","Max Smith is a Expert (10+ years) Acting & Performance professional based in London, UK. Available for bookings. ","London, UK","Expert (10+ years)","MALE","32","""1994-09-25T23:00:00.000Z""","181","SLIM","Amber","Dyed","[""Singing"",""Editing"",""Acting"",""Cinematography""]","[]","/uploads/avatars/TN1326.jpg","upload","/uploads/banners/TN1326.jpg","upload","#62d690","[""https://www.youtube.com/watch?v=kXYiU_JCYtU""]","[]","[{""url"":""https://instagram.com/tn1326"",""platform"":""Instagram""}]","MIDDLE_EASTERN",,,"[]",,"true","cmlsmumny000fvvss9yhah8ix","cmlsop31f0003vvtspm2q2o52","0","0","""2026-02-19T01:45:45.497Z""","""2026-02-19T03:22:46.636Z"""
"TN2993","Comedy Writing","Isla Taylor is a Intermediate (3-5 years) Comedy professional based in Los Angeles, USA. Available for bookings. ","Los Angeles, USA","Intermediate (3-5 years)","FEMALE","54","""1972-02-17T00:00:00.000Z""","185","PLUS_SIZE","Blue","Blonde","[""Singing"",""Acting"",""Guitar"",""Dancing"",""Drums""]","[]","/uploads/avatars/TN2993.jpg","upload","/uploads/banners/TN2993.jpg","upload","#b3dcda","[""https://www.youtube.com/watch?v=3JZ_D3ELwOQ""]","[]","[{""url"":""https://instagram.com/tn2993"",""platform"":""Instagram""}]","ASIAN",,,"[]",,"true","cmlsmumqb0013vvsso267bmcf","cmlsop32e000hvvtszu2k39mc","0","0","""2026-02-19T01:45:47.691Z""","""2026-02-19T03:22:48.156Z"""